pr_dt,time_GMT,datetime_GMT,DO_1m,wt_1m,DO_9m,wt_9m,DO_19m,wt_19m,Viento_ms,T_aire_C,RadSolar_Wm2,Patm_mbar,surface.PAR,Kd,salinity,PAR_1m,PAR_2m,PAR_4m,PAR_6m,PAR_7m,PAR_9m,PAR_13m,PAR_19m,Zmax_local,Zmax_hydro,wind_height,DOY
2022-04-12,00:00:00,2022-04-12T00:00:00Z,11.09,16.62,7.85,14.82,4.57,12.52,0.46,13.93,0,931.25,0,0.4931963415977962,0.16216665545750827,0,0,0,0,0,0,0,0,24.5265264146833,33.16576715497302,16.834232845026982,102
2022-04-12,00:30:00,2022-04-12T00:30:00Z,11.31,16.7,7.73,14.76,4.91,12.52,0.4300000000000001,13.935,0,930.455,0,0.49305934986225897,0.16216938061597672,0,0,0,0,0,0,0,0,24.524788889715552,33.16414803392444,16.83585196607556,102
2022-04-12,01:00:00,2022-04-12T01:00:00Z,11.2,16.66,8.28,14.88,4.97,12.52,0.4,13.94,0,929.66,0,0.49292235812672175,0.16217210577444516,0,0,0,0,0,0,0,0,24.523051364747808,33.16252891287587,16.83747108712413,102
2022-04-12,01:30:00,2022-04-12T01:30:00Z,11.25,16.66,8.69,14.96,4.96,12.6,0.36,13.925,0,928.56,0,0.4927853663911846,0.1621748309329136,0,0,0,0,0,0,0,0,24.52131383978006,33.160909791827294,16.839090208172706,102
2022-04-12,02:00:00,2022-04-12T02:00:00Z,11.22,16.64,8.47,14.9,4.7,12.44,0.32,13.91,0,927.46,0,0.49264837465564737,0.16217755609138204,0,0,0,0,0,0,0,0,24.519576314812312,33.159290670778724,16.840709329221276,102
2022-04-12,02:30:00,2022-04-12T02:30:00Z,11.27,16.68,8.22,14.86,4.44,12.36,0.345,13.835,0,926.995,0,0.4925113829201102,0.16218028124985048,0,0,0,0,0,0,0,0,24.517838789844568,33.157671549730146,16.842328450269854,102
2022-04-12,03:00:00,2022-04-12T03:00:00Z,11.1,16.62,8.21,14.84,4.49,12.38,0.37,13.76,0,926.53,0,0.492374391184573,0.16218300640831892,0,0,0,0,0,0,0,0,24.51610126487682,33.156052428681576,16.843947571318424,102
2022-04-12,03:30:00,2022-04-12T03:30:00Z,11.04,16.58,8.12,14.86,4.93,12.44,0.4,13.61,0,926.535,0,0.49223739944903583,0.16218573156678737,0,0,0,0,0,0,0,0,24.514363739909072,33.154433307633,16.845566692367,102
2022-04-12,04:00:00,2022-04-12T04:00:00Z,10.85,16.54,8.09,14.84,4.66,12.44,0.43,13.46,0,926.54,0,0.4921004077134986,0.1621884567252558,0,0,0,0,0,0,0,0,24.512626214941328,33.15281418658443,16.84718581341557,102
2022-04-12,04:30:00,2022-04-12T04:30:00Z,10.76,16.52,8.5,14.92,4.83,12.44,0.395,13.605,0.315,927.325,0.6013035,0.49196341597796145,0.16219118188372428,0.368,0.225,0.084,0.031,0.019,0.007,0.001,0,24.51088868997358,33.15119506553585,16.848804934464148,102
2022-04-12,05:00:00,2022-04-12T05:00:00Z,10.8,16.46,8.55,14.94,4.68,12.42,0.36,13.75,0.63,928.11,1.202607,0.49182642424242423,0.16219390704219272,0.735,0.45,0.168,0.063,0.038,0.014,0.002,0,24.509151165005832,33.14957594448728,16.85042405551272,102
2022-04-12,05:30:00,2022-04-12T05:30:00Z,10.85,16.46,8.66,14.96,4.71,12.4,0.36,13.68,11.335,929.2,21.6373815,0.491689432506887,0.16219663220066116,13.233,8.093,3.027,1.132,0.693,0.259,0.036,0.002,24.507413640038084,33.147956823438705,16.852043176561295,102
2022-04-12,06:00:00,2022-04-12T06:00:00Z,10.86,16.42,8.68,14.96,4.61,12.28,0.36,13.61,22.04,930.29,42.072156,0.49155244077134985,0.1621993573591296,25.735,15.741,5.89,2.204,1.348,0.504,0.071,0.004,24.50567611507034,33.146337702390134,16.853662297609866,102
2022-04-12,06:30:00,2022-04-12T06:30:00Z,10.81,16.4,8.67,14.94,4.26,12.28,0.41,13.66,62.99,931.065,120.241611,0.4914154490358127,0.16220208251759805,73.559,45,16.841,6.303,3.856,1.443,0.202,0.011,24.503938590102592,33.14471858134156,16.855281418658443,102
2022-04-12,07:00:00,2022-04-12T07:00:00Z,10.8,16.38,8.62,14.96,4.36,12.38,0.46,13.71,103.94,931.84,198.411066,0.4912784573002755,0.1622048076760665,121.397,74.276,27.805,10.409,6.369,2.384,0.334,0.018,24.502201065134845,33.14309946029299,16.856900539707013,102
2022-04-12,07:30:00,2022-04-12T07:30:00Z,10.84,16.4,8.72,14.96,4.14,12.26,0.465,14.135000000000002,108.595,932.61,207.2969955,0.4911414655647383,0.16220753283453493,126.851,77.623,29.067,10.884,6.66,2.494,0.35,0.018,24.5004635401671,33.14148033924441,16.85851966075559,102
2022-04-12,08:00:00,2022-04-12T08:00:00Z,10.85,16.42,8.73,14.98,4.33,12.28,0.47,14.56,113.25,933.38,216.182925,0.4910044738292011,0.16221025799300337,132.306,80.973,30.329,11.36,6.952,2.604,0.365,0.019,24.498726015199352,33.13986121819584,16.86013878180416,102
2022-04-12,08:30:00,2022-04-12T08:30:00Z,10.88,16.46,8.68,14.96,4.29,12.32,0.47,15.02,189.115,933.9,361.0016235,0.49086748209366393,0.16221298315147184,220.967,135.253,50.674,18.986,11.621,4.354,0.611,0.032,24.496988490231605,33.13824209714726,16.861757902852737,102
2022-04-12,09:00:00,2022-04-12T09:00:00Z,11.18,16.58,8.69,14.96,4.25,12.3,0.47,15.48,264.98,934.42,505.820322,0.4907304903581267,0.16221570830994028,309.653,189.563,71.041,26.624,16.298,6.108,0.858,0.045,24.49525096526386,33.13662297609869,16.863377023901307,102
2022-04-12,09:30:00,2022-04-12T09:30:00Z,11.28,16.68,8.58,14.94,3.98,12.26,0.73,16.259999999999998,411.37,933.92,785.264193,0.4905934986225895,0.16221843346840872,480.788,294.369,110.349,41.366,25.327,9.494,1.334,0.07,24.493513440296113,33.135003855050115,16.864996144949885,102
2022-04-12,10:00:00,2022-04-12T10:00:00Z,11.28,16.72,8.55,14.94,3.98,12.24,0.99,17.04,557.76,933.42,1064.708064,0.49045650688705233,0.16222115862687717,651.971,399.232,149.699,56.133,34.373,12.889,1.812,0.096,24.491775915328365,33.133384734001545,16.866615265998455,102
2022-04-12,10:30:00,2022-04-12T10:30:00Z,11.39,16.76,8.54,14.96,3.86,12.2,1.26,17.384999999999998,469.345,932.43,895.9326705,0.4903195151515152,0.1622238837853456,548.697,336.039,126.038,47.273,28.952,10.859,1.528,0.081,24.49003839036062,33.13176561295297,16.868234387047032,102
2022-04-12,11:00:00,2022-04-12T11:00:00Z,11.57,16.8,8.56,14.98,3.91,12.22,1.53,17.73,380.93,931.44,727.157277,0.4901825234159779,0.16222660894381405,445.394,272.811,102.351,38.4,23.52,8.824,1.242,0.066,24.488300865392873,33.1301464919044,16.869853508095602,102
2022-04-12,11:30:00,2022-04-12T11:30:00Z,11.57,16.74,8.65,14.98,3.83,12.2,1.195,16.37,285.8,932.26,545.56362,0.4900455316804408,0.1622293341022825,334.211,204.737,76.833,28.834,17.664,6.629,0.934,0.049,24.486563340425125,33.12852737085582,16.87147262914418,102
2022-04-12,12:00:00,2022-04-12T12:00:00Z,11.71,16.98,8.52,14.96,3.92,12.18,0.86,15.01,190.67,933.08,363.9699629999999,0.4899085399449036,0.16223205926075093,222.998,136.627,51.287,19.252,11.795,4.428,0.624,0.033,24.48482581545738,33.12690824980725,16.87309175019275,102
2022-04-12,12:30:00,2022-04-12T12:30:00Z,11.78,17,8.68,14.98,3.94,12.16,0.845,15.19,500.585,932.015,955.5667065,0.4897715482093664,0.16223478441921935,585.539,358.799,134.723,50.586,30.997,11.639,1.641,0.087,24.483088290489633,33.12528912875867,16.874710871241327,102
2022-04-12,13:00:00,2022-04-12T13:00:00Z,11.68,16.92,8.75,15,3.98,12.22,0.83,15.37,810.5,930.95,1547.16345,0.4896345564738292,0.16223750957768784,948.18,581.092,218.25,81.971,50.236,18.868,2.662,0.141,24.481350765521885,33.1236700077101,16.876329992289897,102
2022-04-12,13:30:00,2022-04-12T13:30:00Z,11.71,16.92,8.83,15.02,4.03,12.24,0.86,16.04,528.965,929.84,1009.7412885,0.489497564738292,0.16224023473615629,618.905,379.348,142.517,53.542,32.818,12.329,1.74,0.092,24.479613240554137,33.122050886661526,16.877949113338474,102
2022-04-12,14:00:00,2022-04-12T14:00:00Z,11.76,17.04,8.68,15.04,4.08,12.24,0.89,16.71,247.43,928.73,472.319127,0.4893605730027548,0.16224295989462473,289.54,177.493,66.701,25.065,15.366,5.774,0.815,0.043,24.477875715586393,33.120431765612956,16.879568234387044,102
2022-04-12,14:30:00,2022-04-12T14:30:00Z,11.86,17.16,8.95,15.04,4.1,12.26,0.8049999999999999,16.075,335.26,928.55,639.977814,0.48922358126721766,0.16224568505309317,392.372,240.564,90.427,33.991,20.84,7.834,1.107,0.059,24.476138190618645,33.11881264456438,16.88118735543562,102
2022-04-12,15:00:00,2022-04-12T15:00:00Z,12.53,17.2,8.7,15.02,3.88,12.22,0.72,15.44,423.09,928.37,807.636501,0.4890865895316805,0.1622484102115616,495.232,303.669,114.179,42.931,26.325,9.898,1.399,0.074,24.474400665650897,33.11719352351581,16.88280647648419,102
2022-04-12,15:30:00,2022-04-12T15:30:00Z,12.16,17.36,8.69,15,3.78,12.18,0.84,16.185,405.46,928.375,773.982594,0.4889495977961433,0.16225113537003005,474.66,291.095,109.481,41.176,25.252,9.497,1.343,0.071,24.472663140683153,33.11557440246723,16.88442559753277,102
2022-04-12,16:00:00,2022-04-12T16:00:00Z,12.2,17.38,8.56,14.94,3.29,12.04,0.96,16.93,387.83,928.38,740.328687,0.48881260606060606,0.1622538605284985,454.084,278.514,104.778,39.418,24.177,9.096,1.287,0.069,24.470925615715405,33.11395528141866,16.88604471858134,102
2022-04-12,16:30:00,2022-04-12T16:30:00Z,12.34,17.54,8.62,15.02,3.45,12.02,1.005,16.67,218.35,929.09,416.808315,0.4886756143250689,0.16225658568696694,255.686,156.848,59.023,22.211,13.625,5.127,0.726,0.039,24.469188090747657,33.112336160370084,16.887663839629916,102
2022-04-12,17:00:00,2022-04-12T17:00:00Z,12.47,17.58,8.21,14.9,3.8,12.1,1.05,16.41,48.87,929.8,93.287943,0.4885386225895317,0.1622593108454354,57.234,35.114,13.217,4.975,3.052,1.149,0.163,0.009,24.467450565779913,33.110717039321514,16.889282960678486,102
2022-04-12,17:30:00,2022-04-12T17:30:00Z,12.54,17.54,7.98,14.76,4.12,12.16,0.795,15.395,36.655,930.535,69.9707295,0.4884016308539945,0.16226203600390385,42.934,26.345,9.919,3.735,2.292,0.863,0.122,0.007,24.465713040812165,33.10909791827294,16.890902081727063,102
2022-04-12,18:00:00,2022-04-12T18:00:00Z,12.6,17.48,8.08,14.78,4.1,12.24,0.54,14.38,24.44,931.27,46.653516,0.4882646391184573,0.1622647611623723,28.631,17.57,6.617,2.492,1.529,0.576,0.082,0.004,24.463975515844417,33.10747879722437,16.892521202775633,102
2022-04-12,18:30:00,2022-04-12T18:30:00Z,12.47,17.32,8.05,14.82,3.51,12.2,0.48,14.2,12.235,933,23.3553915,0.48812764738292014,0.16226748632084073,14.335,8.798,3.315,1.249,0.766,0.289,0.041,0.002,24.462237990876673,33.10585967617579,16.89414032382421,102
2022-04-12,19:00:00,2022-04-12T19:00:00Z,12.48,17.28,8.09,14.8,3.38,12.18,0.42,14.02,0.03,934.73,0.057267,0.4879906556473829,0.16227021147930917,0.035,0.022,0.008,0.003,0.002,0.001,0,0,24.460500465908925,33.10424055512722,16.89575944487278,102
2022-04-12,19:30:00,2022-04-12T19:30:00Z,12.44,17.28,8.09,14.82,3.56,12.22,0.41,14.05,0.015,936.78,0.0286335,0.48785366391184576,0.16227293663777762,0.018,0.011,0.004,0.002,0.001,0,0,0,24.458762940941178,33.10262143407864,16.897378565921358,102
2022-04-12,20:00:00,2022-04-12T20:00:00Z,12.42,17.36,8.08,14.82,3.57,12.24,0.4,14.08,0,938.83,0,0.48771667217630854,0.16227566179624606,0,0,0,0,0,0,0,0,24.457025415973433,33.10100231303007,16.898997686969928,102
2022-04-12,20:30:00,2022-04-12T20:30:00Z,12.43,17.34,8.01,14.78,3.89,12.3,0.37,13.87,0,939.96,0,0.4875796804407714,0.1622783869547145,0,0,0,0,0,0,0,0,24.455287891005685,33.099383191981495,16.900616808018505,102
2022-04-12,21:00:00,2022-04-12T21:00:00Z,12.27,17.34,8.31,14.9,3.35,12.18,0.34,13.66,0,941.09,0,0.48744268870523416,0.16228111211318294,0,0,0,0,0,0,0,0,24.453550366037938,33.097764070932925,16.902235929067075,102
2022-04-12,21:30:00,2022-04-12T21:30:00Z,12.18,17.34,8.25,14.9,3.15,12.14,0.41,13.19,0,941.055,0,0.487305696969697,0.1622838372716514,0,0,0,0,0,0,0,0,24.451812841070193,33.09614494988435,16.903855050115652,102
2022-04-12,22:00:00,2022-04-12T22:00:00Z,12.17,17.32,8.29,14.94,3.9,12.24,0.48,12.72,0,941.02,0,0.4871687052341598,0.16228656243011985,0,0,0,0,0,0,0,0,24.45007531610245,33.09452582883578,16.905474171164222,102
2022-04-12,22:30:00,2022-04-12T22:30:00Z,12.15,17.32,8.18,14.86,4.25,12.34,0.485,12.4,0,940.795,0,0.4870317134986226,0.1622892875885883,0,0,0,0,0,0,0,0,24.448337791134698,33.0929067077872,16.9070932922128,102
2022-04-12,23:00:00,2022-04-12T23:00:00Z,12.13,17.3,8.15,14.84,3.9,12.28,0.49,12.08,0,940.57,0,0.4868947217630854,0.16229201274705674,0,0,0,0,0,0,0,0,24.44660026616695,33.09128758673863,16.90871241326137,102
2022-04-12,23:30:00,2022-04-12T23:30:00Z,12.17,17.24,8.18,14.86,3.8,12.26,0.515,11.7,0,940.885,0,0.48675773002754824,0.16229473790552518,0,0,0,0,0,0,0,0,24.44486274119921,33.08966846569005,16.910331534309947,102
2022-04-13,00:00:00,2022-04-13T00:00:00Z,12.2,17.18,8.16,14.86,3.85,12.24,0.54,11.32,0,941.2,0,0.486620738292011,0.16229746306399362,0,0,0,0,0,0,0,0,24.443125216231454,33.08804934464148,16.911950655358517,103
2022-04-13,00:30:00,2022-04-13T00:30:00Z,12.15,17.14,8.17,14.9,3.77,12.26,0.67,10.955,0,940.875,0,0.48648374655647386,0.16230018822246206,0,0,0,0,0,0,0,0,24.44138769126371,33.086430223592906,16.913569776407094,103
2022-04-13,01:00:00,2022-04-13T01:00:00Z,12.08,17.1,7.97,14.8,3.83,12.28,0.8,10.59,0,940.55,0,0.48634675482093664,0.1623029133809305,0,0,0,0,0,0,0,0,24.43965016629597,33.084811102544336,16.915188897455664,103
2022-04-13,01:30:00,2022-04-13T01:30:00Z,11.97,17.08,8.18,14.8,3.95,12.28,0.7150000000000001,10.515,0,940.83,0,0.4862097630853995,0.16230563853939897,0,0,0,0,0,0,0,0,24.437912641328214,33.08319198149576,16.91680801850424,103
2022-04-13,02:00:00,2022-04-13T02:00:00Z,11.85,17.08,8.12,14.82,3.77,12.32,0.63,10.44,0,941.11,0,0.48607277134986226,0.1623083636978674,0,0,0,0,0,0,0,0,24.43617511636047,33.08157286044719,16.91842713955281,103
2022-04-13,02:30:00,2022-04-13T02:30:00Z,11.79,17.04,8.36,14.92,3.63,12.34,0.48,10.495,0,941.065,0,0.4859357796143251,0.16231108885633586,0,0,0,0,0,0,0,0,24.43443759139273,33.07995373939861,16.92004626060139,103
2022-04-13,03:00:00,2022-04-13T03:00:00Z,11.75,17.04,8.16,14.86,3.86,12.36,0.33,10.55,0,941.02,0,0.4857987878787879,0.1623138140148043,0,0,0,0,0,0,0,0,24.432700066424974,33.07833461835004,16.92166538164996,103
2022-04-13,03:30:00,2022-04-13T03:30:00Z,11.68,17.02,7.96,14.8,3.52,12.36,0.32,10.395,0,940.58,0,0.4856617961432507,0.16231653917327274,0,0,0,0,0,0,0,0,24.43096254145723,33.076715497301464,16.923284502698536,103
2022-04-13,04:00:00,2022-04-13T04:00:00Z,11.67,16.98,8.15,14.88,3.86,12.32,0.31,10.24,0,940.14,0,0.4855248044077135,0.16231926433174118,0,0,0,0,0,0,0,0,24.42922501648949,33.075096376252894,16.924903623747106,103
2022-04-13,04:30:00,2022-04-13T04:30:00Z,11.61,16.96,8.21,14.88,3.81,12.28,0.325,10.025,0.295,941.015,0.5631255,0.48538781267217634,0.16232198949020962,0.347,0.213,0.081,0.031,0.019,0.007,0.001,0,24.427487491521735,33.07347725520432,16.926522744795683,103
2022-04-13,05:00:00,2022-04-13T05:00:00Z,11.55,16.94,8.35,14.92,3.93,12.3,0.34,9.81,0.59,941.89,1.126251,0.4852508209366391,0.16232471464867806,0.693,0.427,0.162,0.061,0.038,0.014,0.002,0,24.42574996655399,33.07185813415575,16.928141865844253,103
2022-04-13,05:30:00,2022-04-13T05:30:00Z,11.46,16.9,8.4,14.94,3.86,12.32,0.355,9.84,7.51,943.335,14.335838999999998,0.4851138292011019,0.1623274398071465,8.826,5.433,2.059,0.78,0.48,0.182,0.026,0.001,24.42401244158625,33.07023901310717,16.92976098689283,103
2022-04-13,06:00:00,2022-04-13T06:00:00Z,11.47,16.88,8.49,14.98,3.9,12.36,0.37,9.87,14.43,944.78,27.545426999999997,0.48497683746556475,0.16233016496561498,16.96,10.442,3.959,1.501,0.924,0.35,0.05,0.003,24.4222749166185,33.0686198920586,16.9313801079414,103
2022-04-13,06:30:00,2022-04-13T06:30:00Z,11.53,16.86,8.25,14.9,4.51,12.36,0.415,10.82,22.65,945.905,43.236585,0.4848398457300276,0.16233289012408342,26.625,16.396,6.217,2.358,1.452,0.551,0.079,0.004,24.42053739165075,33.06700077101002,16.932999228989978,103
2022-04-13,07:00:00,2022-04-13T07:00:00Z,11.33,16.8,8.22,14.9,4.68,12.38,0.46,11.77,30.87,947.03,58.927743,0.4847028539944904,0.16233561528255186,36.292,22.352,8.478,3.216,1.981,0.751,0.108,0.006,24.418799866683003,33.06538164996145,16.934618350038548,103
2022-04-13,07:30:00,2022-04-13T07:30:00Z,11.32,16.82,8.19,14.9,5.1,12.42,0.525,13.005,38.28,947.74,73.072692,0.4845658622589532,0.1623383404410203,45.01,27.725,10.519,3.991,2.458,0.933,0.134,0.007,24.41706234171526,33.063762528912875,16.936237471087125,103
2022-04-13,08:00:00,2022-04-13T08:00:00Z,11.37,16.86,8.21,14.9,4.88,12.42,0.59,14.24,45.69,948.45,87.21764099999999,0.484428870523416,0.16234106559948874,53.73,33.101,12.562,4.768,2.937,1.115,0.161,0.009,24.41532481674751,33.062143407864305,16.937856592135695,103
2022-04-13,08:30:00,2022-04-13T08:30:00Z,11.45,16.86,8.21,14.9,4.51,12.36,0.74,15.670000000000002,127.69,949.005,243.747441,0.4842918787878788,0.16234379075795718,150.181,92.531,35.127,13.335,8.216,3.119,0.449,0.025,24.413587291779763,33.06052428681573,16.939475713184272,103
2022-04-13,09:00:00,2022-04-13T09:00:00Z,11.57,16.9,8.24,14.9,4.33,12.32,0.89,17.1,209.69,949.56,400.277241,0.4841548870523416,0.16234651591642563,246.658,151.995,57.716,21.916,13.505,5.128,0.739,0.04,24.41184976681202,33.05890516576716,16.941094834232842,103
2022-04-13,09:30:00,2022-04-13T09:30:00Z,11.61,16.88,8.16,14.88,4.42,12.26,0.905,18.055,517.175,950.005,987.23535749999985,0.4840178953168045,0.16234924107489407,608.435,374.98,142.428,54.098,33.341,12.664,1.827,0.1,24.41011224184427,33.05728604471858,16.94271395528142,103
2022-04-13,10:00:00,2022-04-13T10:00:00Z,11.75,16.94,8.27,14.9,4.11,12.24,0.92,19.01,824.66,950.45,1574.193474,0.4838809035812672,0.16235196623336254,970.312,598.087,227.233,86.333,53.215,20.218,2.918,0.16,24.408374716876523,33.05566692367001,16.94433307632999,103
2022-04-13,10:30:00,2022-04-13T10:30:00Z,11.84,16.98,8.28,14.92,4.28,12.3,0.865,19.325000000000003,743.285,949.46,1418.8567365,0.48374391184573007,0.16235469139183098,874.684,539.217,204.922,77.878,48.01,18.245,2.635,0.145,24.40663719190878,33.05404780262143,16.945952197378567,103
2022-04-13,11:00:00,2022-04-13T11:00:00Z,12.19,17.04,8.37,14.94,4.13,12.28,0.81,19.64,661.91,948.47,1263.519999,0.4836069201101929,0.16235741655029942,779.03,480.315,182.587,69.409,42.794,16.268,2.351,0.129,24.40489966694103,33.05242868157286,16.947571318427137,103
2022-04-13,11:30:00,2022-04-13T11:30:00Z,11.97,17.04,8.14,14.86,4.12,12.26,0.905,20.1,668.605,947.52,1276.3000845,0.4834699283746556,0.16236014170876786,787.018,485.307,184.535,70.169,43.269,16.453,2.379,0.131,24.403162141973283,33.050809560524286,16.949190439475714,103
2022-04-13,12:00:00,2022-04-13T12:00:00Z,12.12,17.06,8.2,14.88,4.2,12.28,1,20.56,675.3,946.57,1289.08017,0.48333293663911847,0.1623628668672363,795.007,490.3,186.485,70.93,43.744,16.638,2.407,0.132,24.40142461700554,33.049190439475716,16.950809560524284,103
2022-04-13,12:30:00,2022-04-13T12:30:00Z,12.32,17.1,8.16,14.88,4.25,12.3,1.135,20.625,658.525,945.685,1257.0583725,0.48319594490358125,0.16236559202570475,775.365,478.252,181.953,69.224,42.698,16.245,2.351,0.129,24.39968709203779,33.04757131842714,16.95242868157286,103
2022-04-13,13:00:00,2022-04-13T13:00:00Z,12.4,17.06,8.13,14.84,4.05,12.3,1.27,20.69,641.75,944.8,1225.036575,0.4830589531680441,0.1623683171841732,755.717,466.197,177.415,67.517,41.65,15.85,2.296,0.127,24.397949567070043,33.04595219737857,16.95404780262143,103
2022-04-13,13:30:00,2022-04-13T13:30:00Z,12.87,17.14,8.34,14.92,4.12,12.28,1.565,20.825000000000003,654.475,943.625,1249.3273275,0.4829219614325069,0.16237104234264163,770.807,475.571,181.032,68.912,42.517,16.185,2.345,0.129,24.3962120421023,33.04433307632999,16.95566692367001,103
2022-04-13,14:00:00,2022-04-13T14:00:00Z,12.97,17.56,8.26,14.92,4.07,12.28,1.86,20.96,667.2,942.45,1273.61808,0.4827849696969697,0.1623737675011101,785.902,484.951,184.653,70.31,43.385,16.52,2.395,0.132,24.39447451713455,33.04271395528142,16.95728604471858,103
2022-04-13,14:30:00,2022-04-13T14:30:00Z,12.69,18.34,8.07,14.9,4.07,12.26,2.035,21.06,612.435,942.145,1169.0771714999998,0.4826479779614325,0.16237649265957854,721.493,445.267,169.589,64.591,39.862,15.182,2.202,0.122,24.392736992166803,33.041094834232844,16.958905165767156,103
2022-04-13,15:00:00,2022-04-13T15:00:00Z,12.61,18.6,8.12,14.86,4.17,12.3,2.21,21.16,557.67,941.84,1064.5362629999995,0.48251098622589533,0.16237921781804698,657.065,405.562,154.509,58.864,36.333,13.842,2.009,0.111,24.39099946719906,33.039475713184274,16.960524286815726,103
2022-04-13,15:30:00,2022-04-13T15:30:00Z,12.75,18.56,8.11,14.88,4.23,12.38,2.2649999999999997,21.09,460.33,941.425,878.7239369999999,0.4823739944903581,0.16238194297651545,542.45,334.863,127.609,48.629,30.02,11.44,1.661,0.092,24.38926194223131,33.0378565921357,16.962143407864303,103
2022-04-13,16:00:00,2022-04-13T16:00:00Z,12.83,18.38,8.17,14.88,4.72,12.38,2.32,21.02,362.99,941.01,692.911611,0.48223700275482095,0.16238466813498387,427.804,264.127,100.681,38.378,23.695,9.032,1.312,0.073,24.387524417263563,33.03623747108713,16.963762528912874,103
2022-04-13,16:30:00,2022-04-13T16:30:00Z,12.75,18.36,8.29,14.88,4.19,12.28,2.245,21.145,283.545,941.435,541.2590505,0.48210001101928374,0.1623873932934523,334.22,206.376,78.689,30.003,18.526,7.064,1.027,0.057,24.38578689229582,33.03461835003855,16.96538164996145,103
2022-04-13,17:00:00,2022-04-13T17:00:00Z,12.85,18.34,7.91,14.84,3.69,12.32,2.17,21.27,204.1,941.86,389.6064899999999,0.4819630192837466,0.16239011845192075,240.609,148.593,56.672,21.614,13.348,5.091,0.741,0.041,24.38404936732807,33.03299922898998,16.96700077101002,103
2022-04-13,17:30:00,2022-04-13T17:30:00Z,12.86,18.5,8.42,14.94,3.61,12.3,1.835,20.64,108.42,943.21,206.962938,0.48182602754820936,0.1623928436103892,127.832,78.956,30.121,11.491,7.098,2.708,0.394,0.022,24.382311842360323,33.0313801079414,16.968619892058598,103
2022-04-13,18:00:00,2022-04-13T18:00:00Z,12.72,18.5,8.02,14.86,3.89,12.36,1.5,20.01,12.74,944.56,24.319386,0.4816890358126722,0.16239556876885763,15.023,9.28,3.541,1.351,0.835,0.319,0.046,0.003,24.38057431739258,33.02976098689283,16.970239013107168,103
2022-04-13,18:30:00,2022-04-13T18:30:00Z,12.61,18.36,8.18,14.9,4.14,12.42,1.285,19.255000000000003,6.37,945.975,12.159693,0.481552044077135,0.1623982939273261,7.513,4.641,1.772,0.676,0.418,0.159,0.023,0.001,24.37883679242483,33.028141865844255,16.971858134155745,103
2022-04-13,19:00:00,2022-04-13T19:00:00Z,13.24,18.72,8.15,14.9,4.03,12.42,1.07,18.5,0,947.39,0,0.4814150523415978,0.16240101908579457,0,0,0,0,0,0,0,0,24.377099267457083,33.026522744795685,16.973477255204315,103
2022-04-13,19:30:00,2022-04-13T19:30:00Z,12.92,18.7,8.12,14.84,3.69,12.32,0.77,17.89,0,949.06,0,0.4812780606060606,0.162403744244263,0,0,0,0,0,0,0,0,24.375361742489336,33.02490362374711,16.975096376252893,103
2022-04-13,20:00:00,2022-04-13T20:00:00Z,12.87,18.72,8.42,14.9,4.1,12.4,0.47,17.28,0,950.73,0,0.48114106887052344,0.16240646940273143,0,0,0,0,0,0,0,0,24.37362421752159,33.02328450269854,16.976715497301463,103
2022-04-13,20:30:00,2022-04-13T20:30:00Z,12.82,18.64,7.87,14.8,3.82,12.32,0.39,16.54,0,951.63,0,0.4810040771349862,0.16240919456119987,0,0,0,0,0,0,0,0,24.371886692553844,33.02166538164996,16.97833461835004,103
2022-04-13,21:00:00,2022-04-13T21:00:00Z,12.75,18.58,8.35,14.96,3.62,12.3,0.31,15.8,0,952.53,0,0.48086708539944906,0.1624119197196683,0,0,0,0,0,0,0,0,24.370149167586096,33.02004626060139,16.97995373939861,103
2022-04-13,21:30:00,2022-04-13T21:30:00Z,12.65,18.5,8.22,14.9,3.89,12.32,0.6599999999999999,14.765,0,952.285,0,0.48073009366391184,0.16241464487813675,0,0,0,0,0,0,0,0,24.36841164261835,33.01842713955281,16.981572860447187,103
2022-04-13,22:00:00,2022-04-13T22:00:00Z,12.62,18.44,8.45,14.98,4.19,12.3,1.01,13.73,0,952.04,0,0.4805931019283747,0.1624173700366052,0,0,0,0,0,0,0,0,24.366674117650604,33.01680801850424,16.983191981495757,103
2022-04-13,22:30:00,2022-04-13T22:30:00Z,12.62,18.36,8.62,15.02,3.89,12.22,0.945,13.84,0,951.77,0,0.48045611019283746,0.1624200951950737,0,0,0,0,0,0,0,0,24.364936592682856,33.015188897455666,16.984811102544334,103
2022-04-13,23:00:00,2022-04-13T23:00:00Z,12.53,18.3,8.73,15.1,3.4,12.2,0.88,13.95,0,951.5,0,0.4803191184573003,0.1624228203535421,0,0,0,0,0,0,0,0,24.36319906771511,33.013569776407095,16.986430223592905,103
2022-04-13,23:30:00,2022-04-13T23:30:00Z,12.48,18.26,8.44,15.04,3.39,12.2,0.6799999999999999,13.86,0,951.365,0,0.4801821267217631,0.16242554551201055,0,0,0,0,0,0,0,0,24.361461542747364,33.01195065535852,16.98804934464148,103
2022-04-14,00:00:00,2022-04-14T00:00:00Z,12.45,18.18,8,14.92,3.97,12.22,0.48,13.77,0,951.23,0,0.4800451349862259,0.162428270670479,0,0,0,0,0,0,0,0,24.359724017779616,33.01033153430995,16.989668465690052,104
2022-04-14,00:30:00,2022-04-14T00:30:00Z,12.44,18.14,7.94,14.82,3.96,12.26,0.5800000000000001,13.16,0,951.015,0,0.4799081432506887,0.16243099582894743,0,0,0,0,0,0,0,0,24.357986492811868,33.00871241326137,16.99128758673863,104
2022-04-14,01:00:00,2022-04-14T01:00:00Z,12.48,18.14,8,14.82,3.83,12.22,0.68,12.55,0,950.8,0,0.47977115151515154,0.16243372098741587,0,0,0,0,0,0,0,0,24.356248967844124,33.0070932922128,16.9929067077872,104
2022-04-14,01:30:00,2022-04-14T01:30:00Z,12.48,18.18,8.05,14.84,3.69,12.24,0.56,12.215,0,950.33,0,0.4796341597796143,0.16243644614588432,0,0,0,0,0,0,0,0,24.354511442876376,33.005474171164224,16.994525828835776,104
2022-04-14,02:00:00,2022-04-14T02:00:00Z,12.44,18.16,8.01,14.82,3.56,12.3,0.44,11.88,0,949.86,0,0.4794971680440771,0.16243917130435276,0,0,0,0,0,0,0,0,24.352773917908628,33.003855050115654,16.996144949884346,104
2022-04-14,02:30:00,2022-04-14T02:30:00Z,12.42,18.16,8.08,14.88,3.7,12.3,0.46,11.85,0,949.845,0,0.47936017630853994,0.16244189646282123,0,0,0,0,0,0,0,0,24.351036392940884,33.002235929067076,16.997764070932924,104
2022-04-14,03:00:00,2022-04-14T03:00:00Z,12.4,18.14,7.89,14.82,4.15,12.38,0.48,11.82,0,949.83,0,0.4792231845730028,0.16244462162128967,0,0,0,0,0,0,0,0,24.349298867973136,33.000616808018506,16.999383191981494,104
2022-04-14,03:30:00,2022-04-14T03:30:00Z,12.34,18.1,7.95,14.84,4.17,12.4,0.815,11.975,0,949.675,0,0.4790861928374656,0.1624473467797581,0,0,0,0,0,0,0,0,24.34756134300539,32.99899768696993,17.00100231303007,104
2022-04-14,04:00:00,2022-04-14T04:00:00Z,12.29,18.06,7.98,14.84,3.96,12.36,1.15,12.13,0,949.52,0,0.4789492011019284,0.16245007193822655,0,0,0,0,0,0,0,0,24.345823818037644,32.99737856592136,17.00262143407864,104
2022-04-14,04:30:00,2022-04-14T04:30:00Z,12.28,18,8.13,14.86,3.51,12.28,1.4,12.62,0.285,950.06,0.5440364999999999,0.4788122093663912,0.162452797096695,0.337,0.209,0.08,0.031,0.019,0.007,0.001,0,24.344086293069896,32.99575944487278,17.004240555127218,104
2022-04-14,05:00:00,2022-04-14T05:00:00Z,12.24,17.94,8.24,14.9,4,12.32,1.65,13.11,0.57,950.6,1.0880729999999998,0.478675217630854,0.16245552225516344,0.674,0.418,0.16,0.062,0.038,0.015,0.002,0,24.34234876810215,32.99414032382421,17.00585967617579,104
2022-04-14,05:30:00,2022-04-14T05:30:00Z,12.19,17.9,8.2,14.9,4.29,12.34,1.61,13.3,7.4,951.92,14.12586,0.4785382258953168,0.16245824741363188,8.754,5.425,2.083,0.8,0.496,0.19,0.028,0.002,24.340611243134404,32.992521202775634,17.007478797224366,104
2022-04-14,06:00:00,2022-04-14T06:00:00Z,12.14,17.86,8.22,14.9,4.25,12.36,1.57,13.49,14.23,953.24,27.163647,0.4784012341597797,0.16246097257210032,16.835,10.434,4.008,1.54,0.954,0.367,0.054,0.003,24.338873718166656,32.990902081727064,17.009097918272936,104
2022-04-14,06:30:00,2022-04-14T06:30:00Z,12.12,17.8,8.41,14.94,3.68,12.28,1.46,14.275,21.925,954.8,41.8526325,0.4782642424242424,0.16246369773056876,25.943,16.081,6.179,2.374,1.472,0.565,0.083,0.005,24.33713619319891,32.98928296067849,17.010717039321513,104
2022-04-14,07:00:00,2022-04-14T07:00:00Z,12.09,17.72,8.19,14.92,3.57,12.3,1.35,15.06,29.62,956.36,56.541618,0.47812725068870526,0.16246642288903723,35.053,21.731,8.352,3.21,1.99,0.765,0.113,0.006,24.335398668231164,32.98766383962992,17.012336160370083,104
2022-04-14,07:30:00,2022-04-14T07:30:00Z,12.07,17.74,8.02,14.86,3.69,12.3,1.185,16.385,37.91,956.945,72.36639899999999,0.4779902589531681,0.16246914804750567,44.869,27.82,10.695,4.112,2.549,0.98,0.145,0.008,24.333661143263416,32.98604471858134,17.01395528141866,104
2022-04-14,08:00:00,2022-04-14T08:00:00Z,12.13,17.78,8.11,14.86,3.68,12.3,1.02,17.71,46.2,957.53,88.19118,0.4778532672176309,0.16247187320597412,54.689,33.913,13.041,5.015,3.11,1.196,0.177,0.01,24.33192361829567,32.98442559753277,17.01557440246723,104
2022-04-14,08:30:00,2022-04-14T08:30:00Z,12.27,17.9,8.34,14.94,4.19,12.34,0.975,19.16,112.945,958.72,215.6007105,0.47771627548209367,0.16247459836444256,133.715,82.93,31.899,12.27,7.61,2.927,0.433,0.025,24.330186093327924,32.98280647648419,17.017193523515807,104
2022-04-14,09:00:00,2022-04-14T09:00:00Z,12.29,17.92,8.51,15.02,3.71,12.34,0.93,20.61,179.69,959.91,343.01024099999995,0.4775792837465565,0.162477323522911,212.763,131.974,50.777,19.537,12.118,4.662,0.69,0.039,24.328448568360177,32.98118735543562,17.018812644564377,104
2022-04-14,09:30:00,2022-04-14T09:30:00Z,12.32,17.9,8.07,14.88,4.14,12.32,1.19,21.305,487.68,960.21,930.932352,0.4774422920110193,0.16248004868137944,577.521,358.275,137.885,53.066,32.92,12.67,1.877,0.107,24.32671104339243,32.979568234387045,17.020431765612955,104
2022-04-14,10:00:00,2022-04-14T10:00:00Z,12.37,17.9,7.98,14.86,4.13,12.32,1.45,22,795.67,960.51,1518.8544629999997,0.4773053002754821,0.16248277383984788,942.378,584.701,225.088,86.65,53.762,20.696,3.067,0.175,24.324973518424684,32.977949113338475,17.022050886661525,104
2022-04-14,10:30:00,2022-04-14T10:30:00Z,12.49,17.92,7.82,14.82,4.2,12.36,1.4,22.545,837.1099999999999,960.155,1597.9592789999997,0.4771683085399449,0.16248549899831632,991.595,615.322,236.941,91.238,56.617,21.801,3.233,0.185,24.323235993456937,32.9763299922899,17.023670007710102,104
2022-04-14,11:00:00,2022-04-14T11:00:00Z,12.43,17.92,7.26,14.52,4.07,12.32,1.35,23.09,878.55,959.8,1677.0640949999995,0.47703131680440775,0.1624882241567848,1040.825,645.96,248.806,95.833,59.476,22.909,3.399,0.194,24.32149846848919,32.97471087124133,17.025289128758672,104
2022-04-14,11:30:00,2022-04-14T11:30:00Z,12.47,17.88,7.55,14.58,3.91,12.26,1.125,23.58,818.23,958.645,1561.919247,0.4768943250688706,0.16249094931525324,969.496,601.774,231.851,89.327,55.446,21.362,3.171,0.181,24.319760943521445,32.97309175019275,17.02690824980725,104
2022-04-14,12:00:00,2022-04-14T12:00:00Z,12.6,17.88,7.56,14.64,3.72,12.22,0.9,24.07,757.91,957.49,1446.774399,0.47675733333333337,0.16249367447372168,898.148,557.564,214.876,82.81,51.408,19.812,2.942,0.168,24.318023418553697,32.97147262914418,17.02852737085582,104
2022-04-14,12:30:00,2022-04-14T12:30:00Z,12.62,17.88,7.74,14.72,3.68,12.18,1.6950000000000005,23.91,778.94,956.62,1486.918566,0.47662034159779615,0.16249639963219012,923.195,573.192,220.96,85.178,52.885,20.387,3.029,0.174,24.31628589358595,32.9698535080956,17.030146491904397,104
2022-04-14,13:00:00,2022-04-14T13:00:00Z,12.66,17.9,7.8,14.74,3.74,12.2,2.49,23.75,799.97,955.75,1527.062733,0.476483349862259,0.16249912479065856,948.25,588.828,227.049,87.549,54.365,20.963,3.117,0.179,24.3145483686182,32.96823438704703,17.031765612952967,104
2022-04-14,13:30:00,2022-04-14T13:30:00Z,12.84,17.9,8.07,14.82,4.06,12.24,2.465,23.825,709.72,955.115,1354.784508,0.47634635812672177,0.162501849949127,841.387,522.542,201.545,77.736,48.278,18.621,2.77,0.159,24.312810843650457,32.966615265998456,17.033384734001544,104
2022-04-14,14:00:00,2022-04-14T14:00:00Z,12.87,17.86,8,14.88,4.1,12.28,2.44,23.9,619.47,954.48,1182.506283,0.4762093663911846,0.16250457510759544,734.494,456.219,176.012,67.907,42.179,16.273,2.422,0.139,24.31107331868271,32.964996144949886,17.035003855050114,104
2022-04-14,14:30:00,2022-04-14T14:30:00Z,13.14,18.4,7.17,14.64,3.99,12.26,2.105,24.06,500.935,954.4,956.2348215,0.4760723746556474,0.1625073002660639,594.031,369.023,142.411,54.958,34.141,13.175,1.962,0.113,24.30933579371496,32.96337702390131,17.03662297609869,104
2022-04-14,15:00:00,2022-04-14T15:00:00Z,13.44,18.72,7.44,14.54,3.8,12.22,1.77,24.22,382.4,954.32,729.96336,0.47593538292011023,0.16251002542453233,453.529,281.779,108.772,41.988,26.087,10.07,1.501,0.086,24.307598268747217,32.96175790285274,17.03824209714726,104
2022-04-14,15:30:00,2022-04-14T15:30:00Z,13.34,19.14,7.63,14.64,3.86,12.22,1.89,24.325,396.03,954.515,755.9816669999999,0.475798391184573,0.1625127505830008,469.759,291.903,112.711,43.52,27.043,10.442,1.557,0.09,24.30586074377947,32.96013878180416,17.03986121819584,104
2022-04-14,16:00:00,2022-04-14T16:00:00Z,13.23,19.34,7.66,14.66,3.57,12.26,2.01,24.43,409.66,954.71,781.9999740000001,0.47566139944903585,0.16251547574146924,485.993,302.032,116.654,45.055,28.001,10.815,1.613,0.093,24.30412321881172,32.95851966075559,17.04148033924441,104
2022-04-14,16:30:00,2022-04-14T16:30:00Z,13.23,19.44,7.2,14.52,3.49,12.32,1.71,24.095,281.275,955.345,536.9258474999999,0.47552440771349863,0.16251820089993768,333.731,207.434,80.139,30.961,19.244,7.435,1.11,0.064,24.302385693843977,32.956900539707014,17.043099460292986,104
2022-04-14,17:00:00,2022-04-14T17:00:00Z,13.15,19.52,7.35,14.46,3.71,12.3,1.41,23.76,152.89,955.98,291.85172099999994,0.4753874159779614,0.16252092605840612,181.428,112.784,43.584,16.843,10.47,4.046,0.604,0.035,24.30064816887623,32.955281418658444,17.044718581341556,104
2022-04-14,17:30:00,2022-04-14T17:30:00Z,13.22,19.44,7.65,14.6,3.99,12.38,1.58,23.39,86.25999999999999,956.765,164.661714,0.47525042424242425,0.16252365121687457,102.375,63.65,24.604,9.51,5.913,2.286,0.342,0.02,24.29891064390848,32.95366229760987,17.046337702390133,104
2022-04-14,18:00:00,2022-04-14T18:00:00Z,13.29,19.4,7.49,14.66,4.5,12.5,1.75,23.02,19.63,957.55,37.471706999999995,0.4751134325068871,0.162526376375343,23.3,14.489,5.602,2.166,1.347,0.521,0.078,0.005,24.297173118940737,32.9520431765613,17.047956823438703,104
2022-04-14,18:30:00,2022-04-14T18:30:00Z,13.07,19.38,7.56,14.74,4.12,12.46,1.35,21.825,9.815,959.375,18.735853499999997,0.4749764407713499,0.16252910153381145,11.652,7.246,2.803,1.084,0.674,0.261,0.039,0.002,24.29543559397299,32.95042405551272,17.04957594448728,104
2022-04-14,19:00:00,2022-04-14T19:00:00Z,12.97,19.3,7.69,14.7,4.38,12.46,0.95,20.63,0,961.2,0,0.4748394490358127,0.1625318266922799,0,0,0,0,0,0,0,0,24.29369806900524,32.94880493446415,17.05119506553585,104
2022-04-14,19:30:00,2022-04-14T19:30:00Z,12.92,19.26,7.62,14.7,4.21,12.52,1.09,19.61,0,963.065,0,0.4747024573002755,0.16253455185074836,0,0,0,0,0,0,0,0,24.291960544037497,32.94718581341557,17.052814186584428,104
2022-04-14,20:00:00,2022-04-14T20:00:00Z,12.85,19.22,7.67,14.72,4.28,12.5,1.23,18.59,0,964.93,0,0.47456546556473833,0.1625372770092168,0,0,0,0,0,0,0,0,24.29022301906975,32.945566692367,17.054433307632998,104
2022-04-14,20:30:00,2022-04-14T20:30:00Z,12.97,19.2,7.97,14.8,3.95,12.46,1.22,18.045,0,965.505,0,0.4744284738292011,0.16254000216768524,0,0,0,0,0,0,0,0,24.288485494102,32.943947571318425,17.056052428681575,104
2022-04-14,21:00:00,2022-04-14T21:00:00Z,12.65,19.2,7.87,14.8,4.17,12.44,1.21,17.5,0,966.08,0,0.4742914820936639,0.16254272732615369,0,0,0,0,0,0,0,0,24.286747969134257,32.942328450269855,17.057671549730145,104
2022-04-14,21:30:00,2022-04-14T21:30:00Z,12.87,19.16,7.7,14.72,4.16,12.44,0.985,17.15,0,966.575,0,0.47415449035812673,0.16254545248462213,0,0,0,0,0,0,0,0,24.28501044416651,32.94070932922128,17.059290670778722,104
2022-04-14,22:00:00,2022-04-14T22:00:00Z,12.79,19.18,7.7,14.78,4.04,12.4,0.76,16.8,0,967.07,0,0.4740174986225896,0.16254817764309057,0,0,0,0,0,0,0,0,24.28327291919876,32.93909020817271,17.060909791827292,104
2022-04-14,22:30:00,2022-04-14T22:30:00Z,12.78,19.18,7.84,14.8,4.31,12.38,0.72,16.490000000000002,0,967.445,0,0.4738805068870523,0.162550902801559,0,0,0,0,0,0,0,0,24.281535394231017,32.93747108712413,17.06252891287587,104
2022-04-14,23:00:00,2022-04-14T23:00:00Z,12.74,19.12,7.67,14.74,4.07,12.38,0.68,16.18,0,967.82,0,0.47374351515151514,0.16255362796002745,0,0,0,0,0,0,0,0,24.27979786926327,32.93585196607556,17.06414803392444,104
2022-04-14,23:30:00,2022-04-14T23:30:00Z,12.64,19.02,7.73,14.76,3.44,12.22,0.885,15.68,0,967.77,0,0.473606523415978,0.1625563531184959,0,0,0,0,0,0,0,0,24.27806034429552,32.93423284502698,17.065767154973017,104
2022-04-15,00:00:00,2022-04-15T00:00:00Z,12.67,18.98,7.6,14.68,3.18,12.2,1.09,15.18,0,967.72,0,0.4734695316804408,0.16255907827696436,0,0,0,0,0,0,0,0,24.276322819327778,32.93261372397841,17.067386276021587,105
2022-04-15,00:30:00,2022-04-15T00:30:00Z,12.79,18.96,7.42,14.62,3.69,12.3,1.3050000000000002,15.12,0,967.19,0,0.4733325399449036,0.1625618034354328,0,0,0,0,0,0,0,0,24.27458529436003,32.930994602929836,17.069005397070164,105
2022-04-15,01:00:00,2022-04-15T01:00:00Z,12.82,19.04,7.66,14.66,3.98,12.3,1.52,15.06,0,966.66,0,0.4731955482093664,0.16256452859390125,0,0,0,0,0,0,0,0,24.27284776939228,32.929375481881266,17.070624518118734,105
2022-04-15,01:30:00,2022-04-15T01:30:00Z,12.81,19.04,7.39,14.6,3.86,12.3,1.52,14.955,0,966.645,0,0.4730585564738292,0.1625672537523697,0,0,0,0,0,0,0,0,24.271110244424538,32.92775636083269,17.07224363916731,105
2022-04-15,02:00:00,2022-04-15T02:00:00Z,12.75,19.02,7.36,14.56,3.92,12.28,1.52,14.85,0,966.63,0,0.472921564738292,0.16256997891083813,0,0,0,0,0,0,0,0,24.26937271945679,32.92613723978412,17.07386276021588,105
2022-04-15,02:30:00,2022-04-15T02:30:00Z,12.73,18.96,7.31,14.48,4.14,12.32,1.445,14.505,0,966.745,0,0.4727845730027549,0.16257270406930657,0,0,0,0,0,0,0,0,24.26763519448904,32.92451811873554,17.07548188126446,105
2022-04-15,03:00:00,2022-04-15T03:00:00Z,12.63,18.86,7.47,14.62,4.11,12.34,1.37,14.16,0,966.86,0,0.4726475812672176,0.162575429227775,0,0,0,0,0,0,0,0,24.265897669521294,32.92289899768697,17.07710100231303,105
2022-04-15,03:30:00,2022-04-15T03:30:00Z,12.56,18.8,7.7,14.76,3.99,12.3,1.4,13.905,0,966.935,0,0.47251058953168046,0.16257815438624346,0,0,0,0,0,0,0,0,24.26416014455355,32.921279876638394,17.078720123361606,105
2022-04-15,04:00:00,2022-04-15T04:00:00Z,12.53,18.82,7.84,14.76,3.89,12.28,1.43,13.65,0,967.01,0,0.4723735977961432,0.16258087954471193,0,0,0,0,0,0,0,0,24.2624226195858,32.919660755589824,17.080339244410176,105
2022-04-15,04:30:00,2022-04-15T04:30:00Z,12.43,18.8,8.03,14.86,3.91,12.3,1.205,13.805,0.455,967.605,0.8685495,0.4722366060606061,0.16258360470318037,0.542,0.338,0.131,0.051,0.032,0.012,0.002,0,24.260685094618054,32.91804163454125,17.081958365458753,105
2022-04-15,05:00:00,2022-04-15T05:00:00Z,12.41,18.74,7.78,14.78,3.9,12.34,0.98,13.96,0.91,968.2,1.737099,0.47209961432506886,0.1625863298616488,1.083,0.676,0.263,0.102,0.064,0.025,0.004,0,24.25894756965031,32.91642251349268,17.083577486507323,105
2022-04-15,05:30:00,2022-04-15T05:30:00Z,12.42,18.72,7.75,14.76,3.91,12.36,1.275,14.11,9.185,969.17,17.5332465,0.4719626225895317,0.16258905502011725,10.937,6.822,2.654,1.033,0.644,0.251,0.038,0.002,24.25721004468256,32.9148033924441,17.0851966075559,105
2022-04-15,06:00:00,2022-04-15T06:00:00Z,12.44,18.8,7.54,14.7,4.02,12.32,1.57,14.26,17.46,970.14,33.329394,0.4718256308539945,0.1625917801785857,20.793,12.972,5.049,1.965,1.226,0.477,0.072,0.004,24.255472519714814,32.91318427139553,17.08681572860447,105
2022-04-15,06:30:00,2022-04-15T06:30:00Z,12.37,18.72,7.55,14.6,3.96,12.28,1.14,14.96,27.305,971.155,52.1225145,0.4716886391184573,0.1625945053370541,32.522,20.292,7.9,3.075,1.919,0.747,0.113,0.007,24.25373499474707,32.91156515034695,17.088434849653048,105
2022-04-15,07:00:00,2022-04-15T07:00:00Z,12.33,18.7,7.59,14.7,3.74,12.28,0.71,15.66,37.15,972.17,70.915635,0.4715516473829201,0.16259723049552258,44.254,27.616,10.754,4.188,2.613,1.018,0.154,0.009,24.25199746977932,32.90994602929838,17.090053970701618,105
2022-04-15,07:30:00,2022-04-15T07:30:00Z,12.36,18.7,7.71,14.72,3.58,12.22,0.61,16.92,48.575,973.05,92.7248175,0.47141465564738294,0.16259995565399102,57.871,36.119,14.069,5.48,3.42,1.332,0.202,0.012,24.250259944811575,32.908326908249805,17.091673091750195,105
2022-04-15,08:00:00,2022-04-15T08:00:00Z,12.38,18.74,7.53,14.7,3.31,12.12,0.51,18.18,60,973.93,114.534,0.4712776639118457,0.1626026808124595,71.493,44.626,17.388,6.775,4.229,1.648,0.25,0.015,24.248522419843827,32.906707787201235,17.093292212798765,105
2022-04-15,08:30:00,2022-04-15T08:30:00Z,12.46,18.8,7.8,14.8,3.6,12.26,0.71,20.2,123.26,974.575,235.291014,0.47114067217630856,0.16260540597092793,146.89,91.702,35.74,13.929,8.696,3.389,0.515,0.03,24.24678489487608,32.90508866615266,17.094911333847342,105
2022-04-15,09:00:00,2022-04-15T09:00:00Z,12.43,18.78,7.56,14.72,3.52,12.24,0.91,22.22,186.52,975.22,356.04802800000004,0.47100368044077134,0.16260813112939637,222.308,138.803,54.112,21.095,13.171,5.135,0.78,0.046,24.245047369908335,32.90346954510409,17.096530454895912,105
2022-04-15,09:30:00,2022-04-15T09:30:00Z,12.37,18.7,7.64,14.74,3.76,12.24,1.31,22.135,463.59,975.795,884.9469509999999,0.4708666887052342,0.1626108562878648,552.615,345.086,134.567,52.475,32.768,12.778,1.943,0.115,24.243309844940587,32.90185042405551,17.09814957594449,105
2022-04-15,10:00:00,2022-04-15T10:00:00Z,12.43,18.68,7.34,14.62,3.65,12.22,1.71,22.05,740.66,976.37,1413.845874,0.47072969696969696,0.16261358144633326,883.012,551.482,215.11,83.905,52.403,20.44,3.11,0.185,24.241572319972843,32.90023130300694,17.09976869699306,105
2022-04-15,10:30:00,2022-04-15T10:30:00Z,12.49,18.66,7.37,14.68,3.51,12.14,1.665,22.705,798.44,975.705,1524.1421160000002,0.4705927052341598,0.1626163066048017,952.028,594.667,232.018,90.525,56.545,22.062,3.358,0.199,24.239834795005095,32.89861218195836,17.101387818041637,105
2022-04-15,11:00:00,2022-04-15T11:00:00Z,12.57,18.64,7.31,14.58,3.63,12.2,1.62,23.36,856.22,975.04,1634.438358,0.4704557134986226,0.16261903176327014,1021.062,637.875,248.945,97.156,60.695,23.688,3.608,0.214,24.238097270037347,32.89699306090979,17.103006939090207,105
2022-04-15,11:30:00,2022-04-15T11:30:00Z,12.6,18.64,7.32,14.46,3.71,12.2,1.61,23.935,876.1,973.915,1672.38729,0.4703187217630854,0.16262175692173858,1044.913,652.865,254.865,99.494,62.164,24.268,3.698,0.22,24.236359745069603,32.895373939861216,17.104626060138784,105
2022-04-15,12:00:00,2022-04-15T12:00:00Z,12.62,18.62,7.27,14.48,3.77,12.2,1.6,24.51,895.98,972.79,1710.336222,0.4701817300275482,0.16262448208020702,1068.77,667.862,260.791,101.835,63.636,24.849,3.789,0.226,24.234622220101855,32.893754818812646,17.106245181187354,105
2022-04-15,12:30:00,2022-04-15T12:30:00Z,12.63,18.64,7.46,14.6,3.69,12.2,1.605,24.945,881.4200000000001,971.765,1682.542638,0.47004473829201104,0.1626272072386755,1051.546,657.189,256.693,100.263,62.662,24.475,3.734,0.223,24.232884695134107,32.89213569776407,17.10786430223593,105
2022-04-15,13:00:00,2022-04-15T13:00:00Z,12.94,18.74,7.49,14.56,3.87,12.24,1.61,25.38,866.86,970.74,1654.749054,0.4699077465564738,0.16262993239714393,1034.317,646.51,252.592,98.687,61.686,24.101,3.679,0.219,24.231147170166363,32.8905165767155,17.1094834232845,105
2022-04-15,13:30:00,2022-04-15T13:30:00Z,12.74,19.38,7.37,14.58,3.85,12.24,1.37,25.865,822.325,969.74,1569.7361925,0.46977075482093666,0.16263265755561238,981.314,613.464,239.746,93.694,58.573,22.891,3.496,0.209,24.229409645198615,32.88889745566692,17.11110254433308,105
2022-04-15,14:00:00,2022-04-15T14:00:00Z,12.75,19.48,7.2,14.44,3.58,12.24,1.13,26.35,777.79,968.74,1484.723331,0.46963376308539945,0.16263538271408082,928.295,580.399,226.886,88.693,55.454,21.678,3.313,0.198,24.227672120230867,32.88727833461835,17.11272166538165,105
2022-04-15,14:30:00,2022-04-15T14:30:00Z,12.8,19.18,7.37,14.5,3.26,12.2,1.01,26.915,696.165,968.11,1328.9093684999998,0.4694967713498623,0.16263810787254926,830.989,519.632,203.187,79.45,49.682,19.427,2.97,0.178,24.22593459526312,32.885659213569774,17.114340786430226,105
2022-04-15,15:00:00,2022-04-15T15:00:00Z,13,19.12,7.53,14.56,3.74,12.24,0.89,27.48,614.54,967.48,1173.095406,0.469359779614325,0.1626408330310177,733.657,458.831,179.462,70.193,43.899,17.17,2.627,0.157,24.224197070295375,32.884040092521204,17.115959907478796,105
2022-04-15,15:30:00,2022-04-15T15:30:00Z,13.06,19.24,7.45,14.54,3.77,12.22,0.91,27.56,511.865,967.35,977.0990985,0.4692227878787879,0.16264355818948614,611.164,382.276,149.56,58.513,36.599,14.319,2.192,0.131,24.222459545327627,32.88242097147263,17.117579028527373,105
2022-04-15,16:00:00,2022-04-15T16:00:00Z,13.06,19.32,7.42,14.52,3.86,12.32,0.93,27.64,409.19,967.22,781.102791,0.4690857961432507,0.16264628334795458,488.638,305.679,119.625,46.814,29.286,11.461,1.755,0.105,24.22072202035988,32.88080185042406,17.119198149575944,105
2022-04-15,16:30:00,2022-04-15T16:30:00Z,13.05,19.56,7.5,14.66,3.83,12.38,0.8300000000000001,27.31,295.155,967.565,563.4213795,0.4689488044077135,0.16264900850642303,352.51,220.551,86.335,33.796,21.145,8.277,1.268,0.076,24.218984495392135,32.87918272937548,17.12081727062452,105
2022-04-15,17:00:00,2022-04-15T17:00:00Z,13.07,19.66,7.17,14.44,3.79,12.36,0.73,26.98,181.12,967.91,345.73996800000003,0.4688118126721763,0.1626517336648915,216.345,135.377,53.008,20.756,12.988,5.085,0.78,0.047,24.217246970424387,32.87756360832691,17.12243639167309,105
2022-04-15,17:30:00,2022-04-15T17:30:00Z,13.11,19.64,7.2,14.46,3.78,12.36,0.63,26.12,100.275,968.48,191.4149475,0.46867482093663915,0.16265445882335994,119.793,74.97,29.363,11.501,7.197,2.819,0.432,0.026,24.21550944545664,32.87594448727833,17.124055512721668,105
2022-04-15,18:00:00,2022-04-15T18:00:00Z,13.12,19.56,7.15,14.46,3.91,12.34,0.53,25.26,19.43,969.05,37.089927,0.46853782920110193,0.16265718398182838,23.215,14.531,5.693,2.23,1.396,0.547,0.084,0.005,24.213771920488895,32.87432536622976,17.125674633770238,105
2022-04-15,18:30:00,2022-04-15T18:30:00Z,13.08,19.62,7.12,14.44,3.86,12.32,0.51,23.700000000000003,9.715,970.625,18.5449635,0.4684008374655648,0.16265990914029682,11.609,7.267,2.848,1.116,0.699,0.274,0.042,0.003,24.212034395521147,32.872706245181185,17.127293754818815,105
2022-04-15,19:00:00,2022-04-15T19:00:00Z,13.05,19.58,7.2,14.46,3.95,12.3,0.49,22.14,0,972.2,0,0.4682638457300275,0.16266263429876526,0,0,0,0,0,0,0,0,24.2102968705534,32.871087124132615,17.128912875867385,105
2022-04-15,19:30:00,2022-04-15T19:30:00Z,13.02,19.56,7.21,14.48,3.98,12.32,0.475,20.955,0,974.52,0,0.4681268539944904,0.1626653594572337,0,0,0,0,0,0,0,0,24.208559345585655,32.86946800308404,17.130531996915963,105
2022-04-15,20:00:00,2022-04-15T20:00:00Z,13.07,19.58,7.32,14.54,3.89,12.3,0.46,19.77,0,976.84,0,0.4679898622589532,0.16266808461570215,0,0,0,0,0,0,0,0,24.206821820617908,32.86784888203547,17.132151117964533,105
2022-04-15,20:30:00,2022-04-15T20:30:00Z,13.1,19.68,7.26,14.5,3.89,12.3,0.455,19.455,0,978.66,0,0.467852870523416,0.1626708097741706,0,0,0,0,0,0,0,0,24.20508429565016,32.86622976098689,17.13377023901311,105
2022-04-15,21:00:00,2022-04-15T21:00:00Z,13.02,19.7,7.16,14.46,4.07,12.3,0.45,19.14,0,980.48,0,0.4677158787878788,0.16267353493263906,0,0,0,0,0,0,0,0,24.203346770682415,32.86461063993832,17.13538936006168,105
2022-04-15,21:30:00,2022-04-15T21:30:00Z,12.73,19.8,7.22,14.5,4.06,12.28,0.425,18.65,0,981.31,0,0.4675788870523416,0.1626762600911075,0,0,0,0,0,0,0,0,24.201609245714668,32.86299151888974,17.137008481110257,105
2022-04-15,22:00:00,2022-04-15T22:00:00Z,12.68,19.8,7.23,14.52,4.13,12.34,0.4,18.16,0,982.14,0,0.4674418953168044,0.16267898524957594,0,0,0,0,0,0,0,0,24.19987172074692,32.86137239784117,17.138627602158827,105
2022-04-15,22:30:00,2022-04-15T22:30:00Z,12.78,19.88,7.16,14.5,4.12,12.34,0.415,17.425,0,982.435,0,0.4673049035812673,0.16268171040804438,0,0,0,0,0,0,0,0,24.198134195779176,32.859753276792595,17.140246723207405,105
2022-04-15,23:00:00,2022-04-15T23:00:00Z,12.72,19.9,7.34,14.58,4.09,12.34,0.43,16.69,0,982.73,0,0.46716791184573,0.16268443556651282,0,0,0,0,0,0,0,0,24.196396670811428,32.858134155744025,17.141865844255975,105
2022-04-15,23:30:00,2022-04-15T23:30:00Z,12.64,20.02,7.3,14.6,4.24,12.4,0.42,15.91,0,982.565,0,0.46703092011019287,0.16268716072498127,0,0,0,0,0,0,0,0,24.19465914584368,32.85651503469545,17.143484965304552,105
2022-04-16,00:00:00,2022-04-16T00:00:00Z,12.49,20.08,7.28,14.64,4.11,12.4,0.41,15.13,0,982.4,0,0.46689392837465565,0.1626898858834497,0,0,0,0,0,0,0,0,24.192921620875936,32.85489591364688,17.145104086353122,106
2022-04-16,00:30:00,2022-04-16T00:30:00Z,12.49,20.02,7.39,14.64,4.04,12.38,0.41,14.98,0,981.37,0,0.4667569366391185,0.16269261104191815,0,0,0,0,0,0,0,0,24.191184095908188,32.85327679259831,17.146723207401692,106
2022-04-16,01:00:00,2022-04-16T01:00:00Z,12.45,19.98,7.31,14.62,4,12.36,0.41,14.83,0,980.34,0,0.4666199449035813,0.16269533620038662,0,0,0,0,0,0,0,0,24.18944657094044,32.85165767154973,17.14834232845027,106
2022-04-16,01:30:00,2022-04-16T01:30:00Z,12.46,19.9,7.39,14.66,4.06,12.34,0.565,14.53,0,979.41,0,0.4664829531680441,0.16269806135885506,0,0,0,0,0,0,0,0,24.187709045972692,32.850038550501154,17.149961449498846,106
2022-04-16,02:00:00,2022-04-16T02:00:00Z,12.42,19.84,7.4,14.68,4.24,12.36,0.72,14.23,0,978.48,0,0.4663459614325069,0.1627007865173235,0,0,0,0,0,0,0,0,24.185971521004948,32.84841942945258,17.151580570547416,106
2022-04-16,02:30:00,2022-04-16T02:30:00Z,12.47,19.76,7.49,14.7,4.21,12.34,0.825,14.14,0,978.215,0,0.46620896969696973,0.16270351167579197,0,0,0,0,0,0,0,0,24.1842339960372,32.84680030840401,17.153199691595987,106
2022-04-16,03:00:00,2022-04-16T03:00:00Z,12.48,19.7,7.56,14.7,4.19,12.34,0.93,14.05,0,977.95,0,0.4660719779614325,0.1627062368342604,0,0,0,0,0,0,0,0,24.182496471069452,32.845181187355436,17.154818812644564,106
2022-04-16,03:30:00,2022-04-16T03:30:00Z,12.49,19.64,7.52,14.68,4.13,12.32,1.215,13.965,0,977.59,0,0.46593498622589535,0.16270896199272883,0,0,0,0,0,0,0,0,24.180758946101708,32.84356206630686,17.15643793369314,106
2022-04-16,04:00:00,2022-04-16T04:00:00Z,12.47,19.56,7.53,14.7,4.11,12.34,1.5,13.88,0,977.23,0,0.46579799449035814,0.16271168715119727,0,0,0,0,0,0,0,0,24.17902142113396,32.84194294525829,17.15805705474171,106
2022-04-16,04:30:00,2022-04-16T04:30:00Z,12.36,19.5,7.46,14.72,4.11,12.34,1.335,13.8,0.73,977.575,1.3934969999999998,0.465661002754821,0.1627144123096657,0.875,0.549,0.216,0.085,0.054,0.021,0.003,0,24.177283896166212,32.84032382420972,17.15967617579028,106
2022-04-16,05:00:00,2022-04-16T05:00:00Z,12.24,19.42,7.61,14.78,4.14,12.32,1.17,13.72,1.46,977.92,2.7869939999999995,0.46552401101928376,0.16271713746813415,1.75,1.098,0.433,0.171,0.107,0.042,0.007,0,24.175546371198468,32.83870470316114,17.16129529683886,106
2022-04-16,05:30:00,2022-04-16T05:30:00Z,12.25,19.44,7.66,14.76,4.13,12.32,1.5299999999999998,13.74,11.5,978.84,21.95235,0.4653870192837466,0.16271986262660262,13.784,8.655,3.412,1.345,0.845,0.333,0.052,0.003,24.17380884623072,32.837085582112564,17.162914417887436,106
2022-04-16,06:00:00,2022-04-16T06:00:00Z,12.27,19.26,7.5,14.7,4.16,12.32,1.89,13.76,21.54,979.76,41.11770599999999,0.4652500275482094,0.1627225877850711,25.821,16.215,6.395,2.522,1.584,0.624,0.097,0.006,24.172071321262973,32.835466461063994,17.164533538936006,106
2022-04-16,06:30:00,2022-04-16T06:30:00Z,12.26,19.3,7.64,14.74,4.16,12.34,1.305,14.63,33.93,980.805,64.76897699999999,0.46511303581267216,0.1627253129435395,40.679,25.549,10.078,3.975,2.497,0.985,0.153,0.009,24.17033379629523,32.833847340015424,17.166152659984576,106
2022-04-16,07:00:00,2022-04-16T07:00:00Z,12.25,19.28,7.59,14.78,4.15,12.34,0.72,15.5,46.32,981.85,88.420248,0.464976044077135,0.16272803810200795,55.541,34.888,13.766,5.432,3.412,1.346,0.21,0.013,24.16859627132748,32.83222821896685,17.167771781033153,106
2022-04-16,07:30:00,2022-04-16T07:30:00Z,12.2,19.26,7.67,14.8,4.12,12.34,0.6950000000000001,16.439999999999998,58.989999999999995,982.51,112.60601099999998,0.46483905234159784,0.1627307632604764,70.743,44.443,17.541,6.923,4.349,1.717,0.267,0.016,24.166858746359733,32.83060909791828,17.169390902081723,106
2022-04-16,08:00:00,2022-04-16T08:00:00Z,12.12,19.3,7.59,14.8,4.24,12.4,0.67,17.38,71.66,983.17,136.79177399999998,0.4647020606060606,0.16273348841894483,85.949,54.004,21.32,8.417,5.289,2.088,0.325,0.02,24.16512122139199,32.8289899768697,17.1710100231303,106
2022-04-16,08:30:00,2022-04-16T08:30:00Z,12.16,19.3,7.61,14.82,4.13,12.36,0.81,18.785,131.73000000000002,983.445,251.459397,0.4645650688705234,0.16273621357741327,158.019,99.301,39.214,15.485,9.731,3.843,0.599,0.037,24.16338369642424,32.82737085582113,17.17262914417887,106
2022-04-16,09:00:00,2022-04-16T09:00:00Z,12.11,19.24,7.63,14.8,4,12.32,0.95,20.19,191.8,983.72,366.12702,0.46442807713498624,0.16273893873588172,230.109,144.622,57.126,22.565,14.182,5.602,0.874,0.054,24.161646171456493,32.82575173477255,17.174248265227448,106
2022-04-16,09:30:00,2022-04-16T09:30:00Z,12.08,19.16,7.49,14.72,4.09,12.32,1.11,20.945,475.98,983.38,908.598222,0.4642910853994491,0.1627416638943502,571.127,358.999,141.846,56.045,35.229,13.919,2.173,0.134,24.159908646488745,32.824132613723975,17.175867386276025,106
2022-04-16,10:00:00,2022-04-16T10:00:00Z,12.15,19.1,7.5,14.72,4.17,12.36,1.27,21.7,760.16,983.04,1451.0694239999998,0.46415409366391186,0.16274438905281863,912.239,573.494,226.657,89.58,56.316,22.257,3.477,0.215,24.158171121521,32.822513492675405,17.177486507324595,106
2022-04-16,10:30:00,2022-04-16T10:30:00Z,12.19,19.1,7.5,14.76,3.99,12.32,1.145,22.744999999999997,817.595,981.53,1560.7070955000002,0.46401710192837464,0.16274711421128707,981.299,616.994,243.916,96.428,60.629,23.968,3.746,0.231,24.156433596553253,32.820894371626835,17.179105628373165,106
2022-04-16,11:00:00,2022-04-16T11:00:00Z,12.23,19.08,7.43,14.72,4.15,12.28,1.02,23.79,875.03,980.02,1670.344767,0.4638801101928375,0.1627498393697555,1050.378,660.518,261.194,103.286,64.95,25.684,4.016,0.248,24.154696071585505,32.81927525057826,17.180724749421742,106
2022-04-16,11:30:00,2022-04-16T11:30:00Z,12.14,19.14,7.38,14.68,3.74,12.24,1.02,25.115,894.54,978.365,1707.587406,0.46374311845730026,0.16275256452822395,1073.945,675.431,267.164,105.676,66.462,26.289,4.113,0.255,24.15295854661776,32.81765612952969,17.182343870470312,106
2022-04-16,12:00:00,2022-04-16T12:00:00Z,12.23,19.16,7.39,14.68,3.76,12.24,1.02,26.44,914.05,976.71,1744.8300449999997,0.4636061267217631,0.1627552896866924,1097.518,690.351,273.141,108.07,67.977,26.895,4.21,0.261,24.151221021650013,32.81603700848111,17.18396299151889,106
2022-04-16,12:30:00,2022-04-16T12:30:00Z,12.32,19.22,7.38,14.68,4.15,12.32,0.935,27.25,897.99,974.86,1714.173111,0.4634691349862259,0.16275801484516084,1078.382,678.407,268.489,106.258,66.847,26.455,4.144,0.257,24.149483496682265,32.81441788743254,17.18558211256746,106
2022-04-16,13:00:00,2022-04-16T13:00:00Z,12.29,19.26,7.38,14.68,4.09,12.34,0.85,28.06,881.93,973.01,1683.5161769999995,0.4633321432506887,0.16276074000362928,1059.241,666.457,263.832,104.444,65.714,26.014,4.077,0.253,24.14774597171452,32.81279876638396,17.187201233616037,106
2022-04-16,13:30:00,2022-04-16T13:30:00Z,12.34,19.28,7.33,14.66,3.98,12.34,0.95,28.744999999999997,838.9549999999999,971.335,1601.4811994999998,0.4631951515151515,0.16276346516209775,1007.764,634.155,251.113,99.436,62.572,24.777,3.885,0.241,24.146008446746773,32.81117964533539,17.188820354664607,106
2022-04-16,14:00:00,2022-04-16T14:00:00Z,12.31,19.32,7.29,14.66,3.71,12.26,1.05,29.43,795.98,969.66,1519.4462219999998,0.46305815977961434,0.1627661903205662,956.273,601.836,238.381,94.42,59.424,23.537,3.693,0.229,24.144270921779025,32.809560524286816,17.190439475713184,106
2022-04-16,14:30:00,2022-04-16T14:30:00Z,12.49,19.46,7.31,14.64,4.08,12.3,1.025,29.565,718.74,968.065,1372.002786,0.4629211680440771,0.16276891547903463,863.597,543.584,215.367,85.328,53.709,21.279,3.34,0.208,24.14253339681128,32.807941403238246,17.192058596761754,106
2022-04-16,15:00:00,2022-04-16T15:00:00Z,12.68,19.54,7.34,14.66,3.87,12.28,1,29.7,641.5,966.47,1224.5593499999998,0.46278417630854,0.16277164063750307,770.895,485.3,192.327,76.221,47.983,19.016,2.987,0.186,24.140795871843533,32.80632228218967,17.19367771781033,106
2022-04-16,15:30:00,2022-04-16T15:30:00Z,12.64,19.58,7.23,14.62,4.28,12.36,0.985,29.625,542.86,965.66,1036.265454,0.46264718457300275,0.16277436579597152,652.448,410.791,162.844,64.554,40.644,16.112,2.532,0.158,24.139058346875785,32.8047031611411,17.1952968388589,106
2022-04-16,16:00:00,2022-04-16T16:00:00Z,12.69,19.62,7.31,14.62,3.82,12.3,0.97,29.55,444.22,964.85,847.9715580000001,0.4625101928374656,0.16277709095443996,533.969,336.241,133.327,52.867,33.291,13.201,2.076,0.129,24.13732082190804,32.80308404009252,17.19691595990748,106
2022-04-16,16:30:00,2022-04-16T16:30:00Z,12.67,19.62,7.27,14.66,3.93,12.28,0.81,29.395,319.03000000000003,964.38,608.996367,0.4623732011019284,0.1627798161129084,383.538,241.547,95.805,38,23.932,9.492,1.493,0.093,24.135583296940293,32.80146491904395,17.19853508095605,106
2022-04-16,17:00:00,2022-04-16T17:00:00Z,12.62,19.72,7.41,14.7,3.91,12.32,0.65,29.24,193.84,963.91,370.021176,0.4622362093663912,0.16278254127137684,233.067,146.802,58.243,23.107,14.555,5.774,0.909,0.057,24.133845771972545,32.799845797995374,17.200154202004626,106
2022-04-16,17:30:00,2022-04-16T17:30:00Z,12.59,19.78,7.37,14.72,3.98,12.36,0.53,28.19,105.505,963.825,201.39849449999997,0.462099217630854,0.16278526642984528,126.873,79.925,31.718,12.587,7.93,3.147,0.496,0.031,24.1321082470048,32.798226676946804,17.201773323053196,106
2022-04-16,18:00:00,2022-04-16T18:00:00Z,12.73,19.68,7.34,14.7,3.95,12.34,0.41,27.14,17.17,963.74,32.77581300000001,0.4619622258953168,0.16278799158831375,20.65,13.011,5.165,2.05,1.292,0.513,0.081,0.005,24.130370722037053,32.79660755589823,17.203392444101773,106
2022-04-16,18:30:00,2022-04-16T18:30:00Z,12.79,19.62,7.28,14.7,4.04,12.34,0.405,24.950000000000003,8.585,964.51,16.387906500000003,0.4618252341597796,0.1627907167467822,10.327,6.507,2.584,1.026,0.646,0.257,0.04,0.003,24.128633197069306,32.79498843484966,17.205011565150343,106
2022-04-16,19:00:00,2022-04-16T19:00:00Z,12.64,19.6,7.29,14.7,4.11,12.34,0.4,22.76,0,965.28,0,0.4616882424242425,0.16279344190525064,0,0,0,0,0,0,0,0,24.12689567210156,32.79336931380108,17.20663068619892,106
2022-04-16,19:30:00,2022-04-16T19:30:00Z,12.8,19.72,7.43,14.7,4.29,12.32,0.45,21.505000000000003,0,966.6,0,0.4615512506887052,0.16279616706371908,0,0,0,0,0,0,0,0,24.125158147133813,32.79175019275251,17.20824980724749,106
2022-04-16,20:00:00,2022-04-16T20:00:00Z,12.73,19.88,7.45,14.72,4.27,12.32,0.5,20.25,0,967.92,0,0.46141425895316807,0.16279889222218752,0,0,0,0,0,0,0,0,24.123420622166066,32.79013107170393,17.209868928296068,106
2022-04-16,20:30:00,2022-04-16T20:30:00Z,12.75,19.9,7.47,14.74,4.07,12.32,0.5549999999999999,19.485,0,968.285,0,0.4612772672176309,0.16280161738065596,0,0,0,0,0,0,0,0,24.12168309719832,32.78851195065536,17.211488049344638,106
2022-04-16,21:00:00,2022-04-16T21:00:00Z,12.77,19.98,7.44,14.76,4.17,12.32,0.61,18.72,0,968.65,0,0.4611402754820937,0.1628043425391244,0,0,0,0,0,0,0,0,24.119945572230577,32.786892829606785,17.213107170393215,106
2022-04-16,21:30:00,2022-04-16T21:30:00Z,12.73,20.2,7.43,14.76,4.21,12.32,0.8300000000000001,18.305,0,968.105,0,0.46100328374655647,0.16280706769759284,0,0,0,0,0,0,0,0,24.118208047262826,32.785273708558215,17.214726291441785,106
2022-04-16,22:00:00,2022-04-16T22:00:00Z,12.64,20.46,7.46,14.78,4.16,12.32,1.05,17.89,0,967.56,0,0.4608662920110193,0.16280979285606131,0,0,0,0,0,0,0,0,24.11647052229508,32.78365458750964,17.216345412490362,106
2022-04-16,22:30:00,2022-04-16T22:30:00Z,12.35,20.98,7.49,14.8,3.92,12.3,1.485,17.880000000000003,0,966.715,0,0.4607293002754821,0.16281251801452976,0,0,0,0,0,0,0,0,24.114732997327337,32.78203546646107,17.217964533538932,106
2022-04-16,23:00:00,2022-04-16T23:00:00Z,12.24,20.88,7.47,14.78,4.24,12.32,1.92,17.87,0,965.87,0,0.460592308539945,0.1628152431729982,0,0,0,0,0,0,0,0,24.112995472359582,32.78041634541249,17.21958365458751,106
2022-04-16,23:30:00,2022-04-16T23:30:00Z,12.13,20.66,7.52,14.78,4.25,12.34,2.06,17.915,0,965.37,0,0.4604553168044077,0.16281796833146664,0,0,0,0,0,0,0,0,24.11125794739184,32.77879722436392,17.22120277563608,106
2022-04-17,00:00:00,2022-04-17T00:00:00Z,12.11,20.38,7.59,14.8,4.23,12.34,2.2,17.96,0,964.87,0,0.46031832506887055,0.16282069348993508,0,0,0,0,0,0,0,0,24.109520422424097,32.77717810331534,17.222821896684657,107
2022-04-17,00:30:00,2022-04-17T00:30:00Z,12.12,20.1,7.67,14.86,4.22,12.34,1.925,17.755000000000003,0,964.22,0,0.4601813333333334,0.16282341864840352,0,0,0,0,0,0,0,0,24.107782897456342,32.77555898226677,17.224441017733227,107
2022-04-17,01:00:00,2022-04-17T01:00:00Z,12.13,19.96,7.66,14.84,4.13,12.36,1.65,17.55,0,963.57,0,0.46004434159779617,0.16282614380687196,0,0,0,0,0,0,0,0,24.1060453724886,32.773939861218196,17.226060138781804,107
2022-04-17,01:30:00,2022-04-17T01:30:00Z,12.05,20.06,7.63,14.82,4.08,12.4,1.795,17.405,0,962.73,0,0.45990734986225895,0.1628288689653404,0,0,0,0,0,0,0,0,24.104307847520857,32.772320740169626,17.227679259830374,107
2022-04-17,02:00:00,2022-04-17T02:00:00Z,11.94,20.28,7.65,14.84,4.04,12.34,1.94,17.26,0,961.89,0,0.4597703581267218,0.16283159412380885,0,0,0,0,0,0,0,0,24.102570322553102,32.77070161912105,17.22929838087895,107
2022-04-17,02:30:00,2022-04-17T02:30:00Z,11.83,20.2,7.85,14.94,4.08,12.36,1.84,17.16,0,961.555,0,0.4596333663911846,0.16283431928227732,0,0,0,0,0,0,0,0,24.10083279758536,32.76908249807248,17.23091750192752,107
2022-04-17,03:00:00,2022-04-17T03:00:00Z,11.87,20.06,7.63,14.84,4.09,12.36,1.74,17.06,0,961.22,0,0.4594963746556474,0.16283704444074576,0,0,0,0,0,0,0,0,24.099095272617618,32.7674633770239,17.2325366229761,107
2022-04-17,03:30:00,2022-04-17T03:30:00Z,11.82,19.88,7.78,14.92,4.2,12.42,1.665,16.945,0,960.86,0,0.4593593829201102,0.1628397695992142,0,0,0,0,0,0,0,0,24.097357747649863,32.76584425597533,17.23415574402467,107
2022-04-17,04:00:00,2022-04-17T04:00:00Z,11.8,19.88,7.74,14.88,4.21,12.38,1.59,16.83,0,960.5,0,0.45922239118457303,0.16284249475768264,0,0,0,0,0,0,0,0,24.09562022268212,32.764225134926754,17.235774865073246,107
2022-04-17,04:30:00,2022-04-17T04:30:00Z,11.77,19.78,7.87,14.9,4.11,12.4,1.185,16.57,0.765,960.68,1.4603085,0.4590853994490358,0.16284521991615108,0.923,0.583,0.233,0.093,0.059,0.023,0.004,0,24.09388269771437,32.762606013878184,17.237393986121816,107
2022-04-17,05:00:00,2022-04-17T05:00:00Z,11.69,19.74,7.9,14.96,4.11,12.4,0.78,16.31,1.53,960.86,2.920617,0.45894840771349865,0.16284794507461953,1.846,1.166,0.466,0.186,0.118,0.047,0.007,0,24.092145172746623,32.76098689282961,17.239013107170393,107
2022-04-17,05:30:00,2022-04-17T05:30:00Z,11.71,19.62,7.78,14.96,4.08,12.34,0.73,16.53,9.385,961.39,17.9150265,0.45881141597796143,0.16285067023308797,11.323,7.156,2.859,1.142,0.722,0.288,0.046,0.003,24.09040764777888,32.75936777178104,17.240632228218963,107
2022-04-17,06:00:00,2022-04-17T06:00:00Z,11.64,19.58,7.75,14.96,3.76,12.28,0.68,16.75,17.24,961.92,32.90943599999999,0.4586744242424243,0.1628533953915564,20.803,13.15,5.254,2.1,1.327,0.53,0.085,0.005,24.08867012281113,32.75774865073246,17.24225134926754,107
2022-04-17,06:30:00,2022-04-17T06:30:00Z,11.67,19.5,7.87,15,3.81,12.3,0.64,17.564999999999998,26.51,962.715,50.604939,0.45853743250688705,0.16285612055002488,31.993,20.226,8.084,3.231,2.043,0.816,0.13,0.008,24.086932597843383,32.75612952968389,17.24387047031611,107
2022-04-17,07:00:00,2022-04-17T07:00:00Z,11.66,19.5,7.85,14.96,4.07,12.3,0.6,18.38,35.78,963.51,68.30044199999999,0.4584004407713499,0.16285884570849332,43.186,27.306,10.917,4.365,2.76,1.103,0.176,0.011,24.08519507287564,32.75451040863531,17.245489591364688,107
2022-04-17,07:30:00,2022-04-17T07:30:00Z,11.75,19.44,7.65,14.88,4.32,12.38,0.755,19.405,45.875,963.8,87.5707875,0.4582634490358127,0.16286157086696176,55.378,35.02,14.005,5.601,3.542,1.416,0.227,0.014,24.08345754790789,32.75289128758674,17.247108712413258,107
2022-04-17,08:00:00,2022-04-17T08:00:00Z,11.66,19.44,7.64,14.9,3.98,12.36,0.91,20.43,55.97,964.09,106.841133,0.4581264573002755,0.1628642960254302,67.574,42.738,17.096,6.839,4.325,1.73,0.277,0.018,24.081720022940143,32.751272166538165,17.248727833461835,107
2022-04-17,08:30:00,2022-04-17T08:30:00Z,11.59,19.46,7.52,14.84,3.77,12.32,0.91,22.085,119.195,964.225,227.5313355,0.4579894655647383,0.16286702118389865,143.926,91.041,36.428,14.576,9.22,3.689,0.591,0.038,24.0799824979724,32.749653045489595,17.250346954510405,107
2022-04-17,09:00:00,2022-04-17T09:00:00Z,11.6,19.46,7.26,14.76,3.94,12.36,0.91,23.74,182.42,964.36,348.22153799999995,0.45785247382920113,0.1628697463423671,220.299,139.37,55.781,22.325,14.124,5.653,0.906,0.058,24.07824497300465,32.74803392444102,17.251966075558983,107
2022-04-17,09:30:00,2022-04-17T09:30:00Z,11.82,19.5,7.3,14.76,4.09,12.38,0.87,25.07,479.645,963.77,915.5943405,0.4577154820936639,0.16287247150083553,579.322,366.553,146.747,58.749,37.172,14.882,2.385,0.153,24.076507448036907,32.74641480339245,17.253585196607553,107
2022-04-17,10:00:00,2022-04-17T10:00:00Z,11.74,19.52,7.33,14.76,3.77,12.38,0.83,26.4,776.87,963.18,1482.967143,0.4575784903581267,0.16287519665930397,938.443,593.86,237.813,95.233,60.265,24.133,3.87,0.249,24.07476992306916,32.74479568234387,17.25520431765613,107
2022-04-17,10:30:00,2022-04-17T10:30:00Z,11.86,19.58,7.44,14.8,3.69,12.34,0.925,27.33,810.29,961.54,1546.7625809999995,0.45744149862258954,0.16287792181777244,978.947,619.577,248.18,99.412,62.918,25.203,4.044,0.26,24.07303239810141,32.7431765612953,17.2568234387047,107
2022-04-17,11:00:00,2022-04-17T11:00:00Z,11.77,19.5,7.58,14.86,3.52,12.28,1.02,28.26,843.71,959.9,1610.558019,0.4573045068870524,0.16288064697624088,1019.463,645.308,258.557,103.597,65.576,26.274,4.218,0.271,24.071294873133667,32.74155744024672,17.258442559753277,107
2022-04-17,11:30:00,2022-04-17T11:30:00Z,11.97,19.64,7.49,14.82,3.72,12.34,0.975,28.905,845.7,958.04,1614.35673,0.4571675151515152,0.16288337213470933,1022.008,647.007,259.309,103.927,65.793,26.369,4.236,0.273,24.06955734816592,32.73993831919815,17.260061680801847,107
2022-04-17,12:00:00,2022-04-17T12:00:00Z,12,19.72,7.35,14.76,3.8,12.36,0.93,29.55,847.69,956.18,1618.155441,0.457030523415978,0.16288609729317777,1024.553,648.707,260.062,104.257,66.011,26.464,4.253,0.274,24.06781982319817,32.738319198149576,17.261680801850424,107
2022-04-17,12:30:00,2022-04-17T12:30:00Z,12.14,19.62,7.38,14.78,3.74,12.36,1,29.950000000000003,812.3800000000001,954.91,1550.752182,0.4568935316804408,0.1628888224516462,982.01,621.856,249.366,99.996,63.322,25.392,4.083,0.263,24.066082298230427,32.736700077101005,17.263299922898995,107
2022-04-17,13:00:00,2022-04-17T13:00:00Z,12.21,19.72,7.26,14.72,3.91,12.38,1.07,30.35,777.07,953.64,1483.348923,0.4567565399449036,0.16289154761011465,939.456,594.99,238.658,95.729,60.628,24.319,3.913,0.253,24.06434477326268,32.73508095605243,17.26491904394757,107
2022-04-17,13:30:00,2022-04-17T13:30:00Z,12.38,19.74,7.31,14.7,3.39,12.28,1.025,30.520000000000003,705.7650000000001,951.55,1347.2348085,0.4566195482093664,0.1628942727685831,853.367,540.541,216.877,87.016,55.118,22.115,3.56,0.23,24.06260724829493,32.73346183500386,17.266538164996142,107
2022-04-17,14:00:00,2022-04-17T14:00:00Z,12.25,19.68,7.37,14.74,3.61,12.32,0.98,30.69,634.46,949.46,1211.120694,0.4564825564738292,0.1628969979270515,767.255,486.062,195.072,78.289,49.597,19.905,3.206,0.207,24.060869723327187,32.73184271395528,17.26815728604472,107
2022-04-17,14:30:00,2022-04-17T14:30:00Z,12.28,19.72,7.25,14.66,4.04,12.4,1.05,30.585,545.08,948.21,1040.5032119999998,0.456345564738292,0.16289972308551998,659.257,417.702,167.683,67.315,42.651,17.122,2.759,0.179,24.05913219835944,32.73022359290671,17.26977640709329,107
2022-04-17,15:00:00,2022-04-17T15:00:00Z,12.41,19.9,7.39,14.72,4.12,12.44,1.12,30.48,455.7,946.96,869.88573,0.45620857300275486,0.16290244824398845,551.231,349.305,140.264,56.323,35.691,14.332,2.311,0.15,24.05739467339169,32.728604471858134,17.271395528141866,107
2022-04-17,15:30:00,2022-04-17T15:30:00Z,12.4,19.7,7.41,14.76,4.02,12.4,1.165,30.07,386.525,946.68,737.8375725,0.4560715812672176,0.1629051734024569,467.618,296.362,119.037,47.813,30.302,12.171,1.964,0.127,24.055657148423943,32.726985350809564,17.273014649190436,107
2022-04-17,16:00:00,2022-04-17T16:00:00Z,12.79,19.54,7.53,14.8,3.99,12.42,1.21,29.66,317.35,946.4,605.789415,0.4559345895316804,0.16290789856092533,383.983,243.39,97.787,39.288,24.903,10.005,1.615,0.105,24.0539196234562,32.725366229760986,17.274633770239014,107
2022-04-17,16:30:00,2022-04-17T16:30:00Z,12.6,19.64,7.42,14.78,3.64,12.38,1.17,28.905,226.66000000000005,946.27,432.6712740000001,0.45579759779614326,0.16291062371939377,274.289,173.883,69.881,28.084,17.804,7.155,1.156,0.075,24.05218209848845,32.723747108712416,17.276252891287584,107
2022-04-17,17:00:00,2022-04-17T17:00:00Z,12.8,19.58,7.42,14.76,3.89,12.4,1.13,28.15,135.97,946.14,259.553133,0.4556606060606061,0.1629133488778622,164.564,104.338,41.943,16.861,10.69,4.297,0.694,0.045,24.050444573520704,32.72212798766384,17.27787201233616,107
2022-04-17,17:30:00,2022-04-17T17:30:00Z,12.41,19.58,7.33,14.72,3.96,12.4,0.885,27.275,82.37,945.88,157.236093,0.4555236143250689,0.16291607403633063,99.706,63.225,25.423,10.223,6.482,2.607,0.421,0.027,24.04870704855296,32.72050886661527,17.27949113338473,107
2022-04-17,18:00:00,2022-04-17T18:00:00Z,12.44,19.42,7.33,14.72,3.89,12.38,0.64,26.4,28.77,945.62,54.919053,0.45538662258953166,0.1629187991947991,34.83,22.089,8.885,3.573,2.266,0.912,0.147,0.01,24.04696952358521,32.71888974556669,17.281110254433308,107
2022-04-17,18:30:00,2022-04-17T18:30:00Z,12.41,19.46,7.33,14.72,3.97,12.38,0.525,25.125,14.385,946.29,27.4595265,0.4552496308539945,0.16292152435326754,17.417,11.048,4.445,1.788,1.134,0.456,0.074,0.005,24.045231998617464,32.71727062451812,17.28272937548188,107
2022-04-17,19:00:00,2022-04-17T19:00:00Z,12.33,20.06,7.34,14.8,3.93,12.4,0.41,23.85,0,946.96,0,0.45511263911845734,0.162924249511736,0,0,0,0,0,0,0,0,24.04349447364972,32.715651503469545,17.284348496530455,107
2022-04-17,19:30:00,2022-04-17T19:30:00Z,12.2,19.78,7.22,14.7,4.03,12.42,0.405,22.835,0,948.25,0,0.4549756473829201,0.16292697467020445,0,0,0,0,0,0,0,0,24.04175694868197,32.714032382420974,17.285967617579026,107
2022-04-17,20:00:00,2022-04-17T20:00:00Z,12.62,19.6,7.5,14.82,4.05,12.42,0.4,21.82,0,949.54,0,0.4548386556473829,0.1629296998286729,0,0,0,0,0,0,0,0,24.040019423714224,32.7124132613724,17.287586738627603,107
2022-04-17,20:30:00,2022-04-17T20:30:00Z,12.61,19.52,7.27,14.74,3.87,12.4,0.41,20.825,0,949.94,0,0.45470166391184574,0.16293242498714133,0,0,0,0,0,0,0,0,24.03828189874648,32.71079414032383,17.289205859676173,107
2022-04-17,21:00:00,2022-04-17T21:00:00Z,12.42,19.44,7.23,14.72,4.15,12.42,0.42,19.83,0,950.34,0,0.4545646721763086,0.16293515014560978,0,0,0,0,0,0,0,0,24.03654437377873,32.70917501927525,17.29082498072475,107
2022-04-17,21:30:00,2022-04-17T21:30:00Z,12.5,19.44,7.28,14.72,4.28,12.48,0.485,19.32,0,950.1,0,0.45442768044077136,0.16293787530407822,0,0,0,0,0,0,0,0,24.034806848810984,32.70755589822668,17.29244410177332,107
2022-04-17,22:00:00,2022-04-17T22:00:00Z,12.51,19.48,7.18,14.68,3.92,12.42,0.55,18.81,0,949.86,0,0.45429068870523415,0.16294060046254666,0,0,0,0,0,0,0,0,24.03306932384324,32.7059367771781,17.294063222821897,107
2022-04-17,22:30:00,2022-04-17T22:30:00Z,12.32,19.64,7.22,14.74,4.25,12.48,0.74,18.965,0,949.69,0,0.454153696969697,0.1629433256210151,0,0,0,0,0,0,0,0,24.03133179887549,32.70431765612953,17.295682343870467,107
2022-04-17,23:00:00,2022-04-17T23:00:00Z,12.29,19.7,7.31,14.78,4.37,12.52,0.93,19.12,0,949.52,0,0.4540167052341598,0.16294605077948354,0,0,0,0,0,0,0,0,24.029594273907744,32.702698535080955,17.297301464919045,107
2022-04-17,23:30:00,2022-04-17T23:30:00Z,12.21,20.02,7.32,14.78,4.34,12.52,0.915,18.965,0,949.34,0,0.4538797134986226,0.162948775937952,0,0,0,0,0,0,0,0,24.027856748939996,32.701079414032385,17.298920585967615,107
2022-04-18,00:00:00,2022-04-18T00:00:00Z,12.09,20.28,7.4,14.78,4.5,12.58,0.9,18.81,0,949.16,0,0.4537427217630854,0.16295150109642045,0,0,0,0,0,0,0,0,24.026119223972252,32.69946029298381,17.300539707016192,108
2022-04-18,00:30:00,2022-04-18T00:30:00Z,11.95,20.46,7.4,14.76,4.43,12.58,0.8,18.43,0,948.035,0,0.4536057300275482,0.1629542262548889,0,0,0,0,0,0,0,0,24.024381699004504,32.69784117193524,17.302158828064762,108
2022-04-18,01:00:00,2022-04-18T01:00:00Z,11.91,20.48,7.34,14.76,4.41,12.58,0.7,18.05,0,946.91,0,0.453468738292011,0.16295695141335734,0,0,0,0,0,0,0,0,24.022644174036756,32.69622205088666,17.30377794911334,108
2022-04-18,01:30:00,2022-04-18T01:30:00Z,11.86,20.42,7.28,14.76,4.41,12.58,0.745,17.695,0,946.41,0,0.45333174655647385,0.16295967657182578,0,0,0,0,0,0,0,0,24.020906649069012,32.69460292983809,17.30539707016191,108
2022-04-18,02:00:00,2022-04-18T02:00:00Z,11.88,20.28,7.41,14.78,4.3,12.56,0.79,17.34,0,945.91,0,0.45319475482093663,0.16296240173029422,0,0,0,0,0,0,0,0,24.019169124101264,32.69298380878951,17.307016191210487,108
2022-04-18,02:30:00,2022-04-18T02:30:00Z,11.93,20.16,7.31,14.8,4.24,12.54,0.8500000000000001,16.82,0,945.695,0,0.45305776308539947,0.16296512688876266,0,0,0,0,0,0,0,0,24.017431599133516,32.69136468774094,17.308635312259057,108
2022-04-18,03:00:00,2022-04-18T03:00:00Z,11.8,20.24,7.43,14.8,4.15,12.5,0.91,16.3,0,945.48,0,0.45292077134986225,0.1629678520472311,0,0,0,0,0,0,0,0,24.015694074165772,32.689745566692366,17.310254433307634,108
2022-04-18,03:30:00,2022-04-18T03:30:00Z,11.62,20.2,7.4,14.8,4.28,12.54,1.035,15.93,0,945.385,0,0.4527837796143251,0.16297057720569957,0,0,0,0,0,0,0,0,24.013956549198024,32.688126445643796,17.311873554356204,108
2022-04-18,04:00:00,2022-04-18T04:00:00Z,11.75,20.12,7.48,14.82,4.27,12.54,1.16,15.56,0,945.29,0,0.4526467878787878,0.16297330236416802,0,0,0,0,0,0,0,0,24.012219024230276,32.68650732459522,17.31349267540478,108
2022-04-18,04:30:00,2022-04-18T04:30:00Z,11.69,20.1,7.54,14.84,4.25,12.54,0.985,15.45,0.93,945.935,1.775277,0.4525097961432507,0.16297602752263646,1.129,0.718,0.291,0.118,0.075,0.03,0.005,0,24.010481499262532,32.68488820354665,17.31511179645335,108
2022-04-18,05:00:00,2022-04-18T05:00:00Z,11.72,20.02,7.54,14.86,4.19,12.48,0.81,15.34,1.86,946.58,3.550554,0.4523728044077135,0.1629787526811049,2.259,1.437,0.581,0.235,0.15,0.061,0.01,0.001,24.008743974294784,32.68326908249807,17.31673091750193,108
2022-04-18,05:30:00,2022-04-18T05:30:00Z,11.72,19.86,7.57,14.86,4.24,12.48,0.72,15.485,10.95,947.74,20.902455,0.45223581267217633,0.16298147783957334,13.298,8.46,3.424,1.386,0.882,0.357,0.058,0.004,24.007006449327037,32.6816499614495,17.3183500385505,108
2022-04-18,06:00:00,2022-04-18T06:00:00Z,11.6,19.7,7.63,14.9,4.29,12.54,0.63,15.63,20.04,948.9,38.254356,0.4520988209366391,0.16298420299804178,24.341,15.488,6.271,2.539,1.615,0.654,0.107,0.007,24.005268924359292,32.680030840400924,17.319969159599076,108
2022-04-18,06:30:00,2022-04-18T06:30:00Z,11.58,19.56,7.41,14.82,4.2,12.5,0.6799999999999999,16.345,28.865,949.61,55.1003985,0.4519618292011019,0.16298692815651022,35.065,22.314,9.037,3.66,2.329,0.943,0.155,0.01,24.003531399391544,32.678411719352354,17.321588280647646,108
2022-04-18,07:00:00,2022-04-18T07:00:00Z,11.58,19.58,7.57,14.88,4.16,12.48,0.73,17.06,37.69,950.32,71.946441,0.45182483746556473,0.16298965331497867,45.791,29.145,11.806,4.783,3.044,1.233,0.202,0.013,24.001793874423797,32.67679259830378,17.323207401696223,108
2022-04-18,07:30:00,2022-04-18T07:30:00Z,11.48,19.64,7.45,14.86,4.27,12.48,0.6950000000000001,17.979999999999997,48.485,950.625,92.5530165,0.4516878457300276,0.1629923784734471,58.915,37.502,15.196,6.157,3.92,1.588,0.261,0.017,24.000056349456052,32.67517347725521,17.324826522744793,108
2022-04-18,08:00:00,2022-04-18T08:00:00Z,11.48,19.74,7.29,14.8,4.17,12.48,0.66,18.9,59.28,950.93,113.159592,0.4515508539944903,0.16299510363191558,72.042,45.865,18.589,7.535,4.797,1.944,0.319,0.021,23.998318824488305,32.67355435620663,17.32644564379337,108
2022-04-18,08:30:00,2022-04-18T08:30:00Z,11.6,19.88,7.26,14.76,4.19,12.48,0.8200000000000001,20.515,112.305,951.125,214.3790145,0.4514138622589532,0.16299782879038402,136.501,86.914,35.237,14.286,9.096,3.688,0.606,0.04,23.996581299520557,32.67193523515806,17.32806476484194,108
2022-04-18,09:00:00,2022-04-18T09:00:00Z,11.5,19.86,7.25,14.78,4.19,12.48,0.98,22.13,165.33,951.32,315.598437,0.451276870523416,0.16300055394885246,200.978,127.985,51.902,21.048,13.404,5.436,0.894,0.06,23.99484377455281,32.67031611410948,17.329683885890518,108
2022-04-18,09:30:00,2022-04-18T09:30:00Z,11.66,19.86,7.36,14.82,4.2,12.46,1.095,23.345,471.4500000000001,950.765,899.9509050000001,0.4511398787878788,0.1630032791073209,573.18,365.06,148.084,60.069,38.258,15.519,2.554,0.17,23.993106249585065,32.66869699306091,17.331303006939088,108
2022-04-18,10:00:00,2022-04-18T10:00:00Z,11.77,19.9,7.49,14.86,4.22,12.48,1.21,24.56,777.57,950.21,1484.303373,0.4510028870523416,0.16300600426578934,945.485,602.264,244.371,99.155,63.161,25.628,4.219,0.282,23.991368724617317,32.667077872012335,17.332922127987665,108
2022-04-18,10:30:00,2022-04-18T10:30:00Z,11.79,19.94,7.54,14.88,4.13,12.46,1.3199999999999998,25.27,836.7550000000001,948.99,1597.2816195000005,0.4508658953168044,0.1630087294242578,1017.59,648.283,263.116,106.79,68.033,27.612,4.549,0.304,23.98963119964957,32.665458750963765,17.334541249036235,108
2022-04-18,11:00:00,2022-04-18T11:00:00Z,11.86,19.92,7.41,14.86,4.07,12.44,1.43,25.98,895.94,947.77,1710.259866,0.4507289035812672,0.16301145458272623,1089.715,694.327,281.881,114.437,72.915,29.602,4.879,0.326,23.987893674681825,32.66383962991519,17.336160370084812,108
2022-04-18,11:30:00,2022-04-18T11:30:00Z,12.03,19.76,7.5,14.84,3.89,12.4,1.255,26.87,913.005,946.385,1742.8352444999998,0.45059191184573005,0.16301417974119467,1110.623,707.746,287.407,116.713,74.375,30.203,4.981,0.334,23.986156149714077,32.66222050886662,17.337779491133382,108
2022-04-18,12:00:00,2022-04-18T12:00:00Z,12.02,19.74,7.44,14.82,3.92,12.4,1.08,27.76,930.07,945,1775.410623,0.4504549201101928,0.16301690489966314,1131.537,721.172,292.94,118.992,75.838,30.805,5.083,0.341,23.98441862474633,32.66060138781804,17.33939861218196,108
2022-04-18,12:30:00,2022-04-18T12:30:00Z,12.07,19.72,7.48,14.84,3.71,12.4,1.17,28.01,902.715,943.795,1723.1926635,0.4503179283746557,0.16301963005813158,1098.407,700.153,284.48,115.587,73.678,29.936,4.942,0.332,23.982681099778585,32.65898226676947,17.34101773323053,108
2022-04-18,13:00:00,2022-04-18T13:00:00Z,12.15,19.74,7.38,14.78,3.64,12.38,1.26,28.26,875.36,942.59,1670.974704,0.45018093663911846,0.16302235521660002,1065.268,679.122,276.01,112.177,71.514,29.065,4.801,0.322,23.980943574810837,32.65736314572089,17.342636854279107,108
2022-04-18,13:30:00,2022-04-18T13:30:00Z,12.17,19.74,7.41,14.8,3.76,12.38,1.22,28.43,797.4100000000001,941.205,1522.1759490000002,0.4500439449035813,0.1630250803750685,970.54,618.816,251.57,102.272,65.208,26.509,4.381,0.294,23.97920604984309,32.65574402467232,17.344255975327677,108
2022-04-18,14:00:00,2022-04-18T14:00:00Z,12.27,19.86,7.39,14.78,4,12.4,1.18,28.6,719.46,939.82,1373.377194,0.4499069531680441,0.1630278055335369,875.785,558.477,227.102,92.35,58.89,23.948,3.96,0.266,23.977468524875345,32.654124903623746,17.345875096376254,108
2022-04-18,14:30:00,2022-04-18T14:30:00Z,12.21,19.86,7.4,14.8,3.86,12.36,1.14,28.630000000000003,683.235,938.565,1304.2272915,0.4497699614325069,0.16303053069200535,831.803,530.503,215.786,87.772,55.979,22.77,3.767,0.254,23.975730999907597,32.652505782575176,17.347494217424824,108
2022-04-18,15:00:00,2022-04-18T15:00:00Z,12.25,20.06,7.42,14.88,3.09,12.28,1.1,28.66,647.01,937.31,1235.0773889999998,0.4496329696969697,0.1630332558504738,787.809,502.514,204.457,83.187,53.062,21.589,3.574,0.241,23.97399347493985,32.6508866615266,17.3491133384734,108
2022-04-18,15:30:00,2022-04-18T15:30:00Z,12.29,20.14,7.32,14.78,3.65,12.3,1.275,28.26,559.845,936.205,1068.6881205,0.44949597796143254,0.16303598100894223,681.769,434.934,177.009,72.039,45.957,18.704,3.098,0.209,23.972255949972105,32.64926754047803,17.35073245952197,108
2022-04-18,16:00:00,2022-04-18T16:00:00Z,12.33,20.24,7.37,14.76,3.38,12.34,1.45,27.86,472.68,935.1,902.298852,0.4493589862258953,0.16303870616741067,575.7,367.318,149.532,60.873,38.839,15.811,2.62,0.177,23.970518425004357,32.64764841942945,17.35235158057055,108
2022-04-18,16:30:00,2022-04-18T16:30:00Z,12.36,20.32,7.14,14.66,3.95,12.36,1.34,27.18,336.605,934.865,642.5452845000001,0.44922199449035816,0.16304143132587914,410.024,261.646,106.543,43.385,27.685,11.273,1.869,0.126,23.96878090003661,32.64602929838088,17.35397070161912,108
2022-04-18,17:00:00,2022-04-18T17:00:00Z,12.31,20.56,7.12,14.66,3.54,12.38,1.23,26.5,200.53,934.63,382.791717,0.44908500275482094,0.1630441564843476,244.302,155.917,63.507,25.867,16.509,6.724,1.116,0.075,23.96704337506886,32.644410177332304,17.355589822667696,108
2022-04-18,17:30:00,2022-04-18T17:30:00Z,12.12,20.26,7.05,14.6,3.56,12.4,1,25.57,107.245,934.825,204.7199805,0.4489480110192838,0.16304688164281603,130.673,83.408,33.983,13.845,8.838,3.601,0.598,0.04,23.965305850101117,32.642791056283734,17.357208943716266,108
2022-04-18,18:00:00,2022-04-18T18:00:00Z,12.28,19.96,7.25,14.68,3.4,12.32,0.77,24.64,13.96,935.02,26.648244,0.44881101928374656,0.16304960680128447,17.012,10.86,4.426,1.804,1.151,0.469,0.078,0.005,23.96356832513337,32.64117193523516,17.358828064764843,108
2022-04-18,18:30:00,2022-04-18T18:30:00Z,12.01,19.7,7.21,14.74,3.53,12.36,1.03,23.495,6.98,935.6,13.324122,0.4486740275482094,0.1630523319597529,8.507,5.432,2.214,0.903,0.576,0.235,0.039,0.003,23.96183080016562,32.63955281418659,17.360447185813413,108
2022-04-18,19:00:00,2022-04-18T19:00:00Z,12.26,19.54,7.27,14.74,3.79,12.4,1.29,22.35,0,936.18,0,0.4485370358126722,0.16305505711822135,0,0,0,0,0,0,0,0,23.960093275197877,32.63793369313801,17.36206630686199,108
2022-04-18,19:30:00,2022-04-18T19:30:00Z,12.28,20.12,7.34,14.76,3.78,12.38,1.055,21.235,0,938.11,0,0.448400044077135,0.1630577822766898,0,0,0,0,0,0,0,0,23.95835575023013,32.63631457208944,17.36368542791056,108
2022-04-18,20:00:00,2022-04-18T20:00:00Z,12.1,20.2,7.41,14.8,3.8,12.4,0.82,20.12,0,940.04,0,0.4482630523415978,0.16306050743515824,0,0,0,0,0,0,0,0,23.956618225262385,32.63469545104086,17.365304548959138,108
2022-04-18,20:30:00,2022-04-18T20:30:00Z,12.2,19.7,7.42,14.8,3.44,12.34,0.64,19.395000000000003,0,941.075,0,0.44812606060606064,0.1630632325936267,0,0,0,0,0,0,0,0,23.95488070029464,32.63307632999229,17.366923670007708,108
2022-04-18,21:00:00,2022-04-18T21:00:00Z,12.35,19.66,7.42,14.84,3.62,12.4,0.46,18.67,0,942.11,0,0.4479890688705234,0.16306595775209515,0,0,0,0,0,0,0,0,23.95314317532689,32.631457208943715,17.368542791056285,108
2022-04-18,21:30:00,2022-04-18T21:30:00Z,11.8,20.24,7.42,14.86,4.06,12.44,0.535,18.19,0,942.165,0,0.44785207713498626,0.1630686829105636,0,0,0,0,0,0,0,0,23.951405650359145,32.629838087895145,17.370161912104855,108
2022-04-18,22:00:00,2022-04-18T22:00:00Z,11.58,20.22,7.39,14.86,3.31,12.36,0.61,17.71,0,942.22,0,0.44771508539944904,0.16307140806903203,0,0,0,0,0,0,0,0,23.9496681253914,32.62821896684657,17.371781033153432,108
2022-04-18,22:30:00,2022-04-18T22:30:00Z,11.92,20,7.32,14.82,3.53,12.36,0.6699999999999999,17.62,0,942.155,0,0.4475780936639119,0.16307413322750047,0,0,0,0,0,0,0,0,23.94793060042365,32.626599845798,17.373400154202002,108
2022-04-18,23:00:00,2022-04-18T23:00:00Z,11.83,20,7.34,14.82,3.23,12.36,0.73,17.53,0,942.09,0,0.44744110192837466,0.16307685838596891,0,0,0,0,0,0,0,0,23.946193075455906,32.62498072474942,17.37501927525058,108
2022-04-18,23:30:00,2022-04-18T23:30:00Z,11.69,20.06,7.3,14.8,3.46,12.38,0.69,17.130000000000003,0,941.765,0,0.4473041101928375,0.16307958354443736,0,0,0,0,0,0,0,0,23.94445555048816,32.62336160370085,17.37663839629915,108
2022-04-19,00:00:00,2022-04-19T00:00:00Z,11.83,20,7.37,14.8,3.92,12.44,0.65,16.73,0,941.44,0,0.4471671184573003,0.1630823087029058,0,0,0,0,0,0,0,0,23.94271802552041,32.62174248265227,17.378257517347727,109
2022-04-19,00:30:00,2022-04-19T00:30:00Z,11.83,20,7.3,14.8,3.74,12.44,0.64,16.025,0,941.505,0,0.4470301267217631,0.16308503386137427,0,0,0,0,0,0,0,0,23.940980500552666,32.6201233616037,17.379876638396297,109
2022-04-19,01:00:00,2022-04-19T01:00:00Z,11.8,20.02,7.54,14.82,3.43,12.46,0.63,15.32,0,941.57,0,0.4468931349862259,0.1630877590198427,0,0,0,0,0,0,0,0,23.93924297558492,32.618504240555126,17.381495759444874,109
2022-04-19,01:30:00,2022-04-19T01:30:00Z,11.72,20.02,7.65,14.9,3.55,12.46,0.79,14.63,0,941.375,0,0.4467561432506887,0.16309048417831115,0,0,0,0,0,0,0,0,23.93750545061717,32.616885119506556,17.383114880493444,109
2022-04-19,02:00:00,2022-04-19T02:00:00Z,11.75,19.88,7.78,14.98,3.9,12.52,0.95,13.94,0,941.18,0,0.4466191515151515,0.1630932093367796,0,0,0,0,0,0,0,0,23.935767925649422,32.61526599845798,17.38473400154202,109
2022-04-19,02:30:00,2022-04-19T02:30:00Z,11.7,19.86,7.83,15,3.97,12.6,0.895,13.25,0,941.105,0,0.4464821597796144,0.16309593449524803,0,0,0,0,0,0,0,0,23.93403040068168,32.61364687740941,17.38635312259059,109
2022-04-19,03:00:00,2022-04-19T03:00:00Z,11.54,19.92,7.78,15.04,4.15,12.64,0.84,12.56,0,941.03,0,0.44634516804407715,0.16309865965371648,0,0,0,0,0,0,0,0,23.93229287571393,32.61202775636083,17.38797224363917,109
2022-04-19,03:30:00,2022-04-19T03:30:00Z,11.55,19.88,7.74,15.04,4.21,12.66,0.88,11.985,0,941.265,0,0.44620817630853993,0.16310138481218492,0,0,0,0,0,0,0,0,23.930555350746182,32.61040863531226,17.38959136468774,109
2022-04-19,04:00:00,2022-04-19T04:00:00Z,11.54,19.9,7.58,14.92,3.81,12.5,0.92,11.41,0,941.5,0,0.4460711845730028,0.16310410997065336,0,0,0,0,0,0,0,0,23.928817825778435,32.608789514263684,17.391210485736316,109
2022-04-19,04:30:00,2022-04-19T04:30:00Z,11.57,19.84,7.65,14.98,3.58,12.48,1.12,10.95,1.165,941.345,2.2238685,0.4459341928374656,0.1631068351291218,1.424,0.912,0.374,0.153,0.098,0.04,0.007,0,23.92708030081069,32.607170393215114,17.392829606784886,109
2022-04-19,05:00:00,2022-04-19T05:00:00Z,11.53,19.78,7.7,15,3.88,12.4,1.32,10.49,2.33,941.19,4.447737,0.4457972011019284,0.16310956028759027,2.848,1.824,0.748,0.307,0.196,0.08,0.014,0.001,23.925342775842942,32.60555127216654,17.394448727833463,109
2022-04-19,05:30:00,2022-04-19T05:30:00Z,11.57,19.78,7.66,15.02,3.78,12.4,1.665,10.92,11.745,942.03,22.420030499999996,0.4456602093663912,0.1631122854460587,14.358,9.195,3.771,1.546,0.99,0.406,0.068,0.005,23.923605250875195,32.60393215111797,17.396067848882034,109
2022-04-19,06:00:00,2022-04-19T06:00:00Z,11.53,19.72,7.63,14.96,3.92,12.62,2.01,11.35,21.16,942.87,40.392324,0.445523217630854,0.16311501060452716,25.871,16.57,6.797,2.788,1.786,0.733,0.123,0.009,23.92186772590745,32.60231303006939,17.39768696993061,109
2022-04-19,06:30:00,2022-04-19T06:30:00Z,11.5,19.62,7.56,14.96,4.23,12.58,1.925,11.95,29.604999999999997,943.04,56.512984499999995,0.4453862258953168,0.1631177357629956,36.201,23.189,9.516,3.905,2.501,1.026,0.173,0.012,23.920130200939703,32.60069390902082,17.39930609097918,109
2022-04-19,07:00:00,2022-04-19T07:00:00Z,11.49,19.62,7.58,15.02,3.9,12.44,1.84,12.55,38.05,943.21,72.63364499999999,0.44524923415977963,0.16312046092146404,46.534,29.813,12.237,5.023,3.218,1.321,0.223,0.015,23.918392675971955,32.59907478797224,17.400925212027758,109
2022-04-19,07:30:00,2022-04-19T07:30:00Z,11.45,19.54,7.8,15.12,4.16,12.5,1.41,13.435,49.87,943.275,95.196843,0.4451122424242424,0.16312318607993248,60.998,39.084,16.047,6.588,4.221,1.733,0.292,0.02,23.91665515100421,32.59745566692367,17.402544333076328,109
2022-04-19,08:00:00,2022-04-19T08:00:00Z,11.44,19.5,7.67,15.12,4.16,12.54,0.98,14.32,61.69,943.34,117.760041,0.4449752506887053,0.16312591123840092,75.465,48.361,19.861,8.156,5.227,2.147,0.362,0.025,23.914917626036463,32.595836545875095,17.404163454124905,109
2022-04-19,08:30:00,2022-04-19T08:30:00Z,11.34,19.6,7.78,15.14,4.09,12.48,1.1,15.55,109.32,943.9,208.68094799999997,0.444838258953168,0.16312863639686936,133.749,85.724,35.214,14.466,9.271,3.809,0.643,0.045,23.913180101068715,32.594217424826525,17.405782575173475,109
2022-04-19,09:00:00,2022-04-19T09:00:00Z,11.32,19.64,7.67,15.12,4.3,12.52,1.22,16.78,156.95,944.46,299.601855,0.44470126721763087,0.16313136155533783,192.05,123.107,50.585,20.785,13.324,5.475,0.924,0.064,23.91144257610097,32.59259830377795,17.407401696222053,109
2022-04-19,09:30:00,2022-04-19T09:30:00Z,11.29,19.7,7.72,15.14,3.97,12.44,1.325,17.445,457.43,944.065,873.188127,0.4445642754820937,0.16313408671380628,559.804,358.892,147.51,60.629,38.869,15.976,2.699,0.187,23.909705051133223,32.59097918272938,17.409020817270623,109
2022-04-19,10:00:00,2022-04-19T10:00:00Z,11.34,19.72,7.74,15.18,4.15,12.48,1.43,18.11,757.91,943.67,1446.774399,0.4444272837465565,0.16313681187227472,927.659,594.807,244.541,100.537,64.464,26.503,4.48,0.311,23.907967526165475,32.5893600616808,17.4106399383192,109
2022-04-19,10:30:00,2022-04-19T10:30:00Z,11.45,19.78,7.68,15.14,4.21,12.48,1.48,18.775,842.8,942.29,1608.82092,0.4442902920110194,0.16313953703074316,1031.703,661.61,272.08,111.89,71.753,29.507,4.99,0.347,23.90623000119773,32.58774094063223,17.41225905936777,109
2022-04-19,11:00:00,2022-04-19T11:00:00Z,11.5,19.8,7.7,15.1,4.16,12.42,1.53,19.44,927.69,940.91,1770.867441,0.4441533002754821,0.1631422621892116,1135.776,728.449,299.649,123.261,79.056,32.52,5.503,0.383,23.904492476229983,32.58612181958365,17.413878180416347,109
2022-04-19,11:30:00,2022-04-19T11:30:00Z,11.47,20,7.63,15.04,3.97,12.38,1.4500000000000002,20.035,878.215,939.525,1676.4246135,0.4440163085399449,0.16314498734768004,1075.351,689.789,283.824,116.783,74.911,30.823,5.218,0.364,23.902754951262235,32.58450269853508,17.415497301464917,109
2022-04-19,12:00:00,2022-04-19T12:00:00Z,11.57,19.76,7.58,15.08,3.95,12.4,1.37,20.63,828.74,938.14,1581.981786,0.4438793168044078,0.16314771250614848,1014.909,651.108,267.981,110.295,70.759,29.123,4.933,0.344,23.901017426294487,32.582883577486506,17.417116422513494,109
2022-04-19,12:30:00,2022-04-19T12:30:00Z,11.63,19.78,7.48,14.98,3.96,12.4,1.56,20.67,712.885,936.695,1360.8261765,0.4437423250688705,0.16315043766461693,873.148,560.239,230.645,94.954,60.925,25.082,4.251,0.297,23.899279901326743,32.581264456437935,17.418735543562065,109
2022-04-19,13:00:00,2022-04-19T13:00:00Z,11.66,19.72,7.23,14.9,3.4,12.24,1.75,20.71,597.03,935.25,1139.670567,0.44360533333333335,0.1631531628230854,731.348,469.32,193.267,79.588,51.073,21.032,3.567,0.249,23.897542376358995,32.57964533538936,17.42035466461064,109
2022-04-19,13:30:00,2022-04-19T13:30:00Z,11.76,19.68,7.23,14.82,3.38,12.26,1.5699999999999998,20.94,691.245,934.45,1319.5175805,0.44346834159779613,0.16315588798155384,846.875,543.53,223.888,92.223,59.189,24.381,4.137,0.289,23.895804851391247,32.57802621434079,17.421973785659212,109
2022-04-19,14:00:00,2022-04-19T14:00:00Z,11.91,19.7,7.26,14.8,2.89,12.2,1.39,21.17,785.46,933.65,1499.364594,0.44333134986225897,0.16315861314002228,962.434,617.781,254.543,104.879,67.321,27.738,4.709,0.329,23.894067326423503,32.57640709329221,17.42359290670779,109
2022-04-19,14:30:00,2022-04-19T14:30:00Z,11.76,19.84,7.32,14.84,3.01,12.22,1.42,21.07,683.69,932.22,1305.095841,0.44319435812672175,0.16316133829849072,837.849,537.884,221.684,91.365,58.655,24.174,4.106,0.287,23.892329801455755,32.57478797224364,17.42521202775636,109
2022-04-19,15:00:00,2022-04-19T15:00:00Z,11.74,20,7.29,14.76,3.01,12.26,1.45,20.97,581.92,930.79,1110.827088,0.4430573663911846,0.16316406345695916,713.229,457.943,188.789,77.829,49.972,20.601,3.501,0.245,23.890592276488007,32.573168851195064,17.426831148804936,109
2022-04-19,15:30:00,2022-04-19T15:30:00Z,11.7,20.22,7.09,14.82,3.52,12.24,1.335,21.31,533.62,929.96,1018.627218,0.4429203746556474,0.1631667886154276,654.12,420.049,173.214,71.428,45.868,18.914,3.216,0.226,23.888854751520263,32.571549730146494,17.428450269853506,109
2022-04-19,16:00:00,2022-04-19T16:00:00Z,11.67,20.26,7.09,14.64,3.71,12.3,1.22,21.65,485.32,929.13,926.427348,0.4427833829201102,0.16316951377389605,594.995,382.133,157.622,65.016,41.756,17.224,2.93,0.206,23.887117226552515,32.569930609097916,17.430069390902084,109
2022-04-19,16:30:00,2022-04-19T16:30:00Z,11.68,20.22,7.03,14.58,3.66,12.34,1.225,21.135,338.515,929.06,646.1912834999999,0.442646391184573,0.1631722389323645,415.071,266.614,110.003,45.387,29.153,12.028,2.048,0.144,23.885379701584768,32.568311488049346,17.431688511950654,109
2022-04-19,17:00:00,2022-04-19T17:00:00Z,11.7,20.22,7.19,14.7,2.81,12.34,1.23,20.62,191.71,928.99,365.955219,0.44250939944903583,0.16317496409083293,235.098,151.032,62.332,25.725,16.526,6.82,1.162,0.082,23.883642176617023,32.56669236700077,17.43330763299923,109
2022-04-19,17:30:00,2022-04-19T17:30:00Z,11.64,20.32,7.17,14.7,3.47,12.42,1,20.145000000000003,107.13,928.705,204.500457,0.4423724077134986,0.1631776892493014,131.394,84.422,34.851,14.387,9.244,3.816,0.65,0.046,23.881904651649275,32.5650732459522,17.4349267540478,109
2022-04-19,18:00:00,2022-04-19T18:00:00Z,11.64,20.32,7.31,14.88,3.42,12.4,0.77,19.67,22.55,928.42,43.045695,0.44223541597796145,0.16318041440776984,27.661,17.775,7.34,3.031,1.948,0.804,0.137,0.01,23.880167126681528,32.56345412490362,17.436545875096378,109
2022-04-19,18:30:00,2022-04-19T18:30:00Z,11.61,20.28,7.3,14.82,3.38,12.4,1.385,18.68,11.275,929.895,21.5228475,0.44209842424242424,0.16318313956623828,13.832,8.89,3.672,1.517,0.975,0.403,0.069,0.005,23.878429601713783,32.56183500385505,17.43816499614495,109
2022-04-19,19:00:00,2022-04-19T19:00:00Z,11.59,20.24,7.43,14.9,3.73,12.5,2,17.69,0,931.37,0,0.4419614325068871,0.16318586472470673,0,0,0,0,0,0,0,0,23.876692076746036,32.560215882806474,17.439784117193526,109
2022-04-19,19:30:00,2022-04-19T19:30:00Z,11.6,20.22,7.64,15.02,3.74,12.42,1.775,16.965,0,932.405,0,0.44182444077134986,0.16318858988317517,0,0,0,0,0,0,0,0,23.874954551778288,32.558596761757904,17.441403238242096,109
2022-04-19,20:00:00,2022-04-19T20:00:00Z,11.53,20.22,7.33,14.84,3.82,12.44,1.55,16.24,0,933.44,0,0.4416874490358127,0.1631913150416436,0,0,0,0,0,0,0,0,23.873217026810543,32.55697764070933,17.443022359290673,109
2022-04-19,20:30:00,2022-04-19T20:30:00Z,11.5,20.28,7.44,14.9,4.14,12.44,1.345,15.95,0,934.48,0,0.4415504573002755,0.16319404020011205,0,0,0,0,0,0,0,0,23.871479501842796,32.55535851966076,17.444641480339243,109
2022-04-19,21:00:00,2022-04-19T21:00:00Z,11.46,20.26,7.31,14.9,4.13,12.42,1.14,15.66,0,935.52,0,0.4414134655647383,0.1631967653585805,0,0,0,0,0,0,0,0,23.869741976875048,32.55373939861218,17.44626060138782,109
2022-04-19,21:30:00,2022-04-19T21:30:00Z,11.45,20.22,7.53,14.94,3.87,12.44,1.22,15.325,0,935.23,0,0.4412764738292011,0.16319949051704896,0,0,0,0,0,0,0,0,23.8680044519073,32.55212027756361,17.44787972243639,109
2022-04-19,22:00:00,2022-04-19T22:00:00Z,11.43,20.18,7.57,15.04,4.02,12.44,1.3,14.99,0,934.94,0,0.44113948209366394,0.1632022156755174,0,0,0,0,0,0,0,0,23.866266926939556,32.55050115651503,17.449498843484967,109
2022-04-19,22:30:00,2022-04-19T22:30:00Z,11.43,20.12,7.68,15.06,4.22,12.54,1.5,14.44,0,934.13,0,0.4410024903581267,0.16320494083398585,0,0,0,0,0,0,0,0,23.864529401971808,32.54888203546646,17.451117964533537,109
2022-04-19,23:00:00,2022-04-19T23:00:00Z,11.38,20.08,7.69,15.06,4.08,12.54,1.7,13.89,0,933.32,0,0.4408654986225896,0.1632076659924543,0,0,0,0,0,0,0,0,23.86279187700406,32.547262914417885,17.452737085582115,109
2022-04-19,23:30:00,2022-04-19T23:30:00Z,11.38,20.06,7.59,15.04,4.1,12.52,1.885,13.395,0,932.18,0,0.44072850688705234,0.16321039115092273,0,0,0,0,0,0,0,0,23.861054352036316,32.545643793369315,17.454356206630685,109
