"time","DO_1","DO_9","DO_19","T_1","T_9","T_19","PAR_1","PAR_9","PAR_19","wind","z_th"
2022-04-12,11.09,7.85,4.57,16.62,14.82,12.52,0,0,0,0.46,33.165767154973
2022-04-12 00:30:00,11.31,7.73,4.91,16.7,14.76,12.52,0,0,0,0.43,33.1641480339244
2022-04-12 01:00:00,11.2,8.28,4.97,16.66,14.88,12.52,0,0,0,0.4,33.1625289128759
2022-04-12 01:30:00,11.25,8.69,4.96,16.66,14.96,12.6,0,0,0,0.36,33.1609097918273
2022-04-12 02:00:00,11.22,8.47,4.7,16.64,14.9,12.44,0,0,0,0.32,33.1592906707787
2022-04-12 02:30:00,11.27,8.22,4.44,16.68,14.86,12.36,0,0,0,0.345,33.1576715497301
2022-04-12 03:00:00,11.1,8.21,4.49,16.62,14.84,12.38,0,0,0,0.37,33.1560524286816
2022-04-12 03:30:00,11.04,8.12,4.93,16.58,14.86,12.44,0,0,0,0.4,33.154433307633
2022-04-12 04:00:00,10.85,8.09,4.66,16.54,14.84,12.44,0,0,0,0.43,33.1528141865844
2022-04-12 04:30:00,10.76,8.5,4.83,16.52,14.92,12.44,0.368,0.007,0,0.395,33.1511950655359
2022-04-12 05:00:00,10.8,8.55,4.68,16.46,14.94,12.42,0.735,0.014,0,0.36,33.1495759444873
2022-04-12 05:30:00,10.85,8.66,4.71,16.46,14.96,12.4,13.233,0.259,0.002,0.36,33.1479568234387
2022-04-12 06:00:00,10.86,8.68,4.61,16.42,14.96,12.28,25.735,0.504,0.004,0.36,33.1463377023901
2022-04-12 06:30:00,10.81,8.67,4.26,16.4,14.94,12.28,73.559,1.443,0.011,0.41,33.1447185813416
2022-04-12 07:00:00,10.8,8.62,4.36,16.38,14.96,12.38,121.397,2.384,0.018,0.46,33.143099460293
2022-04-12 07:30:00,10.84,8.72,4.14,16.4,14.96,12.26,126.851,2.494,0.018,0.465,33.1414803392444
2022-04-12 08:00:00,10.85,8.73,4.33,16.42,14.98,12.28,132.306,2.604,0.019,0.47,33.1398612181958
2022-04-12 08:30:00,10.88,8.68,4.29,16.46,14.96,12.32,220.967,4.354,0.032,0.47,33.1382420971473
2022-04-12 09:00:00,11.18,8.69,4.25,16.58,14.96,12.3,309.653,6.108,0.045,0.47,33.1366229760987
2022-04-12 09:30:00,11.28,8.58,3.98,16.68,14.94,12.26,480.788,9.494,0.07,0.73,33.1350038550501
2022-04-12 10:00:00,11.28,8.55,3.98,16.72,14.94,12.24,651.971,12.889,0.096,0.99,33.1333847340015
2022-04-12 10:30:00,11.39,8.54,3.86,16.76,14.96,12.2,548.697,10.859,0.081,1.26,33.131765612953
2022-04-12 11:00:00,11.57,8.56,3.91,16.8,14.98,12.22,445.394,8.824,0.066,1.53,33.1301464919044
2022-04-12 11:30:00,11.57,8.65,3.83,16.74,14.98,12.2,334.211,6.629,0.049,1.195,33.1285273708558
2022-04-12 12:00:00,11.71,8.52,3.92,16.98,14.96,12.18,222.998,4.428,0.033,0.86,33.1269082498073
2022-04-12 12:30:00,11.78,8.68,3.94,17,14.98,12.16,585.539,11.639,0.087,0.845,33.1252891287587
2022-04-12 13:00:00,11.68,8.75,3.98,16.92,15,12.22,948.18,18.868,0.141,0.83,33.1236700077101
2022-04-12 13:30:00,11.71,8.83,4.03,16.92,15.02,12.24,618.905,12.329,0.092,0.86,33.1220508866615
2022-04-12 14:00:00,11.76,8.68,4.08,17.04,15.04,12.24,289.54,5.774,0.043,0.89,33.120431765613
2022-04-12 14:30:00,11.86,8.95,4.1,17.16,15.04,12.26,392.372,7.834,0.059,0.805,33.1188126445644
2022-04-12 15:00:00,12.53,8.7,3.88,17.2,15.02,12.22,495.232,9.898,0.074,0.72,33.1171935235158
2022-04-12 15:30:00,12.16,8.69,3.78,17.36,15,12.18,474.66,9.497,0.071,0.84,33.1155744024672
2022-04-12 16:00:00,12.2,8.56,3.29,17.38,14.94,12.04,454.084,9.096,0.069,0.96,33.1139552814187
2022-04-12 16:30:00,12.34,8.62,3.45,17.54,15.02,12.02,255.686,5.127,0.039,1.005,33.1123361603701
2022-04-12 17:00:00,12.47,8.21,3.8,17.58,14.9,12.1,57.234,1.149,0.009,1.05,33.1107170393215
2022-04-12 17:30:00,12.54,7.98,4.12,17.54,14.76,12.16,42.934,0.863,0.007,0.795,33.1090979182729
2022-04-12 18:00:00,12.6,8.08,4.1,17.48,14.78,12.24,28.631,0.576,0.004,0.54,33.1074787972244
2022-04-12 18:30:00,12.47,8.05,3.51,17.32,14.82,12.2,14.335,0.289,0.002,0.48,33.1058596761758
2022-04-12 19:00:00,12.48,8.09,3.38,17.28,14.8,12.18,0.035,0.001,0,0.42,33.1042405551272
2022-04-12 19:30:00,12.44,8.09,3.56,17.28,14.82,12.22,0.018,0,0,0.41,33.1026214340786
2022-04-12 20:00:00,12.42,8.08,3.57,17.36,14.82,12.24,0,0,0,0.4,33.1010023130301
2022-04-12 20:30:00,12.43,8.01,3.89,17.34,14.78,12.3,0,0,0,0.37,33.0993831919815
2022-04-12 21:00:00,12.27,8.31,3.35,17.34,14.9,12.18,0,0,0,0.34,33.0977640709329
2022-04-12 21:30:00,12.18,8.25,3.15,17.34,14.9,12.14,0,0,0,0.41,33.0961449498843
2022-04-12 22:00:00,12.17,8.29,3.9,17.32,14.94,12.24,0,0,0,0.48,33.0945258288358
2022-04-12 22:30:00,12.15,8.18,4.25,17.32,14.86,12.34,0,0,0,0.485,33.0929067077872
2022-04-12 23:00:00,12.13,8.15,3.9,17.3,14.84,12.28,0,0,0,0.49,33.0912875867386
2022-04-12 23:30:00,12.17,8.18,3.8,17.24,14.86,12.26,0,0,0,0.515,33.0896684656901
2022-04-13,12.2,8.16,3.85,17.18,14.86,12.24,0,0,0,0.54,33.0880493446415
2022-04-13 00:30:00,12.15,8.17,3.77,17.14,14.9,12.26,0,0,0,0.67,33.0864302235929
2022-04-13 01:00:00,12.08,7.97,3.83,17.1,14.8,12.28,0,0,0,0.8,33.0848111025443
2022-04-13 01:30:00,11.97,8.18,3.95,17.08,14.8,12.28,0,0,0,0.715,33.0831919814958
2022-04-13 02:00:00,11.85,8.12,3.77,17.08,14.82,12.32,0,0,0,0.63,33.0815728604472
2022-04-13 02:30:00,11.79,8.36,3.63,17.04,14.92,12.34,0,0,0,0.48,33.0799537393986
2022-04-13 03:00:00,11.75,8.16,3.86,17.04,14.86,12.36,0,0,0,0.33,33.07833461835
2022-04-13 03:30:00,11.68,7.96,3.52,17.02,14.8,12.36,0,0,0,0.32,33.0767154973015
2022-04-13 04:00:00,11.67,8.15,3.86,16.98,14.88,12.32,0,0,0,0.31,33.0750963762529
2022-04-13 04:30:00,11.61,8.21,3.81,16.96,14.88,12.28,0.347,0.007,0,0.325,33.0734772552043
2022-04-13 05:00:00,11.55,8.35,3.93,16.94,14.92,12.3,0.693,0.014,0,0.34,33.0718581341557
2022-04-13 05:30:00,11.46,8.4,3.86,16.9,14.94,12.32,8.826,0.182,0.001,0.355,33.0702390131072
2022-04-13 06:00:00,11.47,8.49,3.9,16.88,14.98,12.36,16.96,0.35,0.003,0.37,33.0686198920586
2022-04-13 06:30:00,11.53,8.25,4.51,16.86,14.9,12.36,26.625,0.551,0.004,0.415,33.06700077101
2022-04-13 07:00:00,11.33,8.22,4.68,16.8,14.9,12.38,36.292,0.751,0.006,0.46,33.0653816499615
2022-04-13 07:30:00,11.32,8.19,5.1,16.82,14.9,12.42,45.01,0.933,0.007,0.525,33.0637625289129
2022-04-13 08:00:00,11.37,8.21,4.88,16.86,14.9,12.42,53.73,1.115,0.009,0.59,33.0621434078643
2022-04-13 08:30:00,11.45,8.21,4.51,16.86,14.9,12.36,150.181,3.119,0.025,0.74,33.0605242868157
2022-04-13 09:00:00,11.57,8.24,4.33,16.9,14.9,12.32,246.658,5.128,0.04,0.89,33.0589051657672
2022-04-13 09:30:00,11.61,8.16,4.42,16.88,14.88,12.26,608.435,12.664,0.1,0.905,33.0572860447186
2022-04-13 10:00:00,11.75,8.27,4.11,16.94,14.9,12.24,970.312,20.218,0.16,0.92,33.05566692367
2022-04-13 10:30:00,11.84,8.28,4.28,16.98,14.92,12.3,874.684,18.245,0.145,0.865,33.0540478026214
2022-04-13 11:00:00,12.19,8.37,4.13,17.04,14.94,12.28,779.03,16.268,0.129,0.81,33.0524286815729
2022-04-13 11:30:00,11.97,8.14,4.12,17.04,14.86,12.26,787.018,16.453,0.131,0.905,33.0508095605243
2022-04-13 12:00:00,12.12,8.2,4.2,17.06,14.88,12.28,795.007,16.638,0.132,1,33.0491904394757
2022-04-13 12:30:00,12.32,8.16,4.25,17.1,14.88,12.3,775.365,16.245,0.129,1.135,33.0475713184271
2022-04-13 13:00:00,12.4,8.13,4.05,17.06,14.84,12.3,755.717,15.85,0.127,1.27,33.0459521973786
2022-04-13 13:30:00,12.87,8.34,4.12,17.14,14.92,12.28,770.807,16.185,0.129,1.565,33.04433307633
2022-04-13 14:00:00,12.97,8.26,4.07,17.56,14.92,12.28,785.902,16.52,0.132,1.86,33.0427139552814
2022-04-13 14:30:00,12.69,8.07,4.07,18.34,14.9,12.26,721.493,15.182,0.122,2.035,33.0410948342328
2022-04-13 15:00:00,12.61,8.12,4.17,18.6,14.86,12.3,657.065,13.842,0.111,2.21,33.0394757131843
2022-04-13 15:30:00,12.75,8.11,4.23,18.56,14.88,12.38,542.45,11.44,0.092,2.265,33.0378565921357
2022-04-13 16:00:00,12.83,8.17,4.72,18.38,14.88,12.38,427.804,9.032,0.073,2.32,33.0362374710871
2022-04-13 16:30:00,12.75,8.29,4.19,18.36,14.88,12.28,334.22,7.064,0.057,2.245,33.0346183500385
2022-04-13 17:00:00,12.85,7.91,3.69,18.34,14.84,12.32,240.609,5.091,0.041,2.17,33.03299922899
2022-04-13 17:30:00,12.86,8.42,3.61,18.5,14.94,12.3,127.832,2.708,0.022,1.835,33.0313801079414
2022-04-13 18:00:00,12.72,8.02,3.89,18.5,14.86,12.36,15.023,0.319,0.003,1.5,33.0297609868928
2022-04-13 18:30:00,12.61,8.18,4.14,18.36,14.9,12.42,7.513,0.159,0.001,1.285,33.0281418658443
2022-04-13 19:00:00,13.24,8.15,4.03,18.72,14.9,12.42,0,0,0,1.07,33.0265227447957
2022-04-13 19:30:00,12.92,8.12,3.69,18.7,14.84,12.32,0,0,0,0.77,33.0249036237471
2022-04-13 20:00:00,12.87,8.42,4.1,18.72,14.9,12.4,0,0,0,0.47,33.0232845026985
2022-04-13 20:30:00,12.82,7.87,3.82,18.64,14.8,12.32,0,0,0,0.39,33.02166538165
2022-04-13 21:00:00,12.75,8.35,3.62,18.58,14.96,12.3,0,0,0,0.31,33.0200462606014
2022-04-13 21:30:00,12.65,8.22,3.89,18.5,14.9,12.32,0,0,0,0.66,33.0184271395528
2022-04-13 22:00:00,12.62,8.45,4.19,18.44,14.98,12.3,0,0,0,1.01,33.0168080185042
2022-04-13 22:30:00,12.62,8.62,3.89,18.36,15.02,12.22,0,0,0,0.945,33.0151888974557
2022-04-13 23:00:00,12.53,8.73,3.4,18.3,15.1,12.2,0,0,0,0.88,33.0135697764071
2022-04-13 23:30:00,12.48,8.44,3.39,18.26,15.04,12.2,0,0,0,0.68,33.0119506553585
2022-04-14,12.45,8,3.97,18.18,14.92,12.22,0,0,0,0.48,33.0103315343099
2022-04-14 00:30:00,12.44,7.94,3.96,18.14,14.82,12.26,0,0,0,0.58,33.0087124132614
2022-04-14 01:00:00,12.48,8,3.83,18.14,14.82,12.22,0,0,0,0.68,33.0070932922128
2022-04-14 01:30:00,12.48,8.05,3.69,18.18,14.84,12.24,0,0,0,0.56,33.0054741711642
2022-04-14 02:00:00,12.44,8.01,3.56,18.16,14.82,12.3,0,0,0,0.44,33.0038550501157
2022-04-14 02:30:00,12.42,8.08,3.7,18.16,14.88,12.3,0,0,0,0.46,33.0022359290671
2022-04-14 03:00:00,12.4,7.89,4.15,18.14,14.82,12.38,0,0,0,0.48,33.0006168080185
2022-04-14 03:30:00,12.34,7.95,4.17,18.1,14.84,12.4,0,0,0,0.815,32.9989976869699
2022-04-14 04:00:00,12.29,7.98,3.96,18.06,14.84,12.36,0,0,0,1.15,32.9973785659214
2022-04-14 04:30:00,12.28,8.13,3.51,18,14.86,12.28,0.337,0.007,0,1.4,32.9957594448728
2022-04-14 05:00:00,12.24,8.24,4,17.94,14.9,12.32,0.674,0.015,0,1.65,32.9941403238242
2022-04-14 05:30:00,12.19,8.2,4.29,17.9,14.9,12.34,8.754,0.19,0.002,1.61,32.9925212027756
2022-04-14 06:00:00,12.14,8.22,4.25,17.86,14.9,12.36,16.835,0.367,0.003,1.57,32.9909020817271
2022-04-14 06:30:00,12.12,8.41,3.68,17.8,14.94,12.28,25.943,0.565,0.005,1.46,32.9892829606785
2022-04-14 07:00:00,12.09,8.19,3.57,17.72,14.92,12.3,35.053,0.765,0.006,1.35,32.9876638396299
2022-04-14 07:30:00,12.07,8.02,3.69,17.74,14.86,12.3,44.869,0.98,0.008,1.185,32.9860447185813
2022-04-14 08:00:00,12.13,8.11,3.68,17.78,14.86,12.3,54.689,1.196,0.01,1.02,32.9844255975328
2022-04-14 08:30:00,12.27,8.34,4.19,17.9,14.94,12.34,133.715,2.927,0.025,0.975,32.9828064764842
2022-04-14 09:00:00,12.29,8.51,3.71,17.92,15.02,12.34,212.763,4.662,0.039,0.93,32.9811873554356
2022-04-14 09:30:00,12.32,8.07,4.14,17.9,14.88,12.32,577.521,12.67,0.107,1.19,32.979568234387
2022-04-14 10:00:00,12.37,7.98,4.13,17.9,14.86,12.32,942.378,20.696,0.175,1.45,32.9779491133385
2022-04-14 10:30:00,12.49,7.82,4.2,17.92,14.82,12.36,991.595,21.801,0.185,1.4,32.9763299922899
2022-04-14 11:00:00,12.43,7.26,4.07,17.92,14.52,12.32,1040.825,22.909,0.194,1.35,32.9747108712413
2022-04-14 11:30:00,12.47,7.55,3.91,17.88,14.58,12.26,969.496,21.362,0.181,1.125,32.9730917501928
2022-04-14 12:00:00,12.6,7.56,3.72,17.88,14.64,12.22,898.148,19.812,0.168,0.9,32.9714726291442
2022-04-14 12:30:00,12.62,7.74,3.68,17.88,14.72,12.18,923.195,20.387,0.174,1.695,32.9698535080956
2022-04-14 13:00:00,12.66,7.8,3.74,17.9,14.74,12.2,948.25,20.963,0.179,2.49,32.968234387047
2022-04-14 13:30:00,12.84,8.07,4.06,17.9,14.82,12.24,841.387,18.621,0.159,2.465,32.9666152659985
2022-04-14 14:00:00,12.87,8,4.1,17.86,14.88,12.28,734.494,16.273,0.139,2.44,32.9649961449499
2022-04-14 14:30:00,13.14,7.17,3.99,18.4,14.64,12.26,594.031,13.175,0.113,2.105,32.9633770239013
2022-04-14 15:00:00,13.44,7.44,3.8,18.72,14.54,12.22,453.529,10.07,0.086,1.77,32.9617579028527
2022-04-14 15:30:00,13.34,7.63,3.86,19.14,14.64,12.22,469.759,10.442,0.09,1.89,32.9601387818042
2022-04-14 16:00:00,13.23,7.66,3.57,19.34,14.66,12.26,485.993,10.815,0.093,2.01,32.9585196607556
2022-04-14 16:30:00,13.23,7.2,3.49,19.44,14.52,12.32,333.731,7.435,0.064,1.71,32.956900539707
2022-04-14 17:00:00,13.15,7.35,3.71,19.52,14.46,12.3,181.428,4.046,0.035,1.41,32.9552814186584
2022-04-14 17:30:00,13.22,7.65,3.99,19.44,14.6,12.38,102.375,2.286,0.02,1.58,32.9536622976099
2022-04-14 18:00:00,13.29,7.49,4.5,19.4,14.66,12.5,23.3,0.521,0.005,1.75,32.9520431765613
2022-04-14 18:30:00,13.07,7.56,4.12,19.38,14.74,12.46,11.652,0.261,0.002,1.35,32.9504240555127
2022-04-14 19:00:00,12.97,7.69,4.38,19.3,14.7,12.46,0,0,0,0.95,32.9488049344641
2022-04-14 19:30:00,12.92,7.62,4.21,19.26,14.7,12.52,0,0,0,1.09,32.9471858134156
2022-04-14 20:00:00,12.85,7.67,4.28,19.22,14.72,12.5,0,0,0,1.23,32.945566692367
2022-04-14 20:30:00,12.97,7.97,3.95,19.2,14.8,12.46,0,0,0,1.22,32.9439475713184
2022-04-14 21:00:00,12.65,7.87,4.17,19.2,14.8,12.44,0,0,0,1.21,32.9423284502699
2022-04-14 21:30:00,12.87,7.7,4.16,19.16,14.72,12.44,0,0,0,0.985,32.9407093292213
2022-04-14 22:00:00,12.79,7.7,4.04,19.18,14.78,12.4,0,0,0,0.76,32.9390902081727
2022-04-14 22:30:00,12.78,7.84,4.31,19.18,14.8,12.38,0,0,0,0.72,32.9374710871241
2022-04-14 23:00:00,12.74,7.67,4.07,19.12,14.74,12.38,0,0,0,0.68,32.9358519660756
2022-04-14 23:30:00,12.64,7.73,3.44,19.02,14.76,12.22,0,0,0,0.885,32.934232845027
2022-04-15,12.67,7.6,3.18,18.98,14.68,12.2,0,0,0,1.09,32.9326137239784
2022-04-15 00:30:00,12.79,7.42,3.69,18.96,14.62,12.3,0,0,0,1.305,32.9309946029298
2022-04-15 01:00:00,12.82,7.66,3.98,19.04,14.66,12.3,0,0,0,1.52,32.9293754818813
2022-04-15 01:30:00,12.81,7.39,3.86,19.04,14.6,12.3,0,0,0,1.52,32.9277563608327
2022-04-15 02:00:00,12.75,7.36,3.92,19.02,14.56,12.28,0,0,0,1.52,32.9261372397841
2022-04-15 02:30:00,12.73,7.31,4.14,18.96,14.48,12.32,0,0,0,1.445,32.9245181187355
2022-04-15 03:00:00,12.63,7.47,4.11,18.86,14.62,12.34,0,0,0,1.37,32.922898997687
2022-04-15 03:30:00,12.56,7.7,3.99,18.8,14.76,12.3,0,0,0,1.4,32.9212798766384
2022-04-15 04:00:00,12.53,7.84,3.89,18.82,14.76,12.28,0,0,0,1.43,32.9196607555898
2022-04-15 04:30:00,12.43,8.03,3.91,18.8,14.86,12.3,0.542,0.012,0,1.205,32.9180416345412
2022-04-15 05:00:00,12.41,7.78,3.9,18.74,14.78,12.34,1.083,0.025,0,0.98,32.9164225134927
2022-04-15 05:30:00,12.42,7.75,3.91,18.72,14.76,12.36,10.937,0.251,0.002,1.275,32.9148033924441
2022-04-15 06:00:00,12.44,7.54,4.02,18.8,14.7,12.32,20.793,0.477,0.004,1.57,32.9131842713955
2022-04-15 06:30:00,12.37,7.55,3.96,18.72,14.6,12.28,32.522,0.747,0.007,1.14,32.911565150347
2022-04-15 07:00:00,12.33,7.59,3.74,18.7,14.7,12.28,44.254,1.018,0.009,0.71,32.9099460292984
2022-04-15 07:30:00,12.36,7.71,3.58,18.7,14.72,12.22,57.871,1.332,0.012,0.61,32.9083269082498
2022-04-15 08:00:00,12.38,7.53,3.31,18.74,14.7,12.12,71.493,1.648,0.015,0.51,32.9067077872012
2022-04-15 08:30:00,12.46,7.8,3.6,18.8,14.8,12.26,146.89,3.389,0.03,0.71,32.9050886661527
2022-04-15 09:00:00,12.43,7.56,3.52,18.78,14.72,12.24,222.308,5.135,0.046,0.91,32.9034695451041
2022-04-15 09:30:00,12.37,7.64,3.76,18.7,14.74,12.24,552.615,12.778,0.115,1.31,32.9018504240555
2022-04-15 10:00:00,12.43,7.34,3.65,18.68,14.62,12.22,883.012,20.44,0.185,1.71,32.9002313030069
2022-04-15 10:30:00,12.49,7.37,3.51,18.66,14.68,12.14,952.028,22.062,0.199,1.665,32.8986121819584
2022-04-15 11:00:00,12.57,7.31,3.63,18.64,14.58,12.2,1021.062,23.688,0.214,1.62,32.8969930609098
2022-04-15 11:30:00,12.6,7.32,3.71,18.64,14.46,12.2,1044.913,24.268,0.22,1.61,32.8953739398612
2022-04-15 12:00:00,12.62,7.27,3.77,18.62,14.48,12.2,1068.77,24.849,0.226,1.6,32.8937548188126
2022-04-15 12:30:00,12.63,7.46,3.69,18.64,14.6,12.2,1051.546,24.475,0.223,1.605,32.8921356977641
2022-04-15 13:00:00,12.94,7.49,3.87,18.74,14.56,12.24,1034.317,24.101,0.219,1.61,32.8905165767155
2022-04-15 13:30:00,12.74,7.37,3.85,19.38,14.58,12.24,981.314,22.891,0.209,1.37,32.8888974556669
2022-04-15 14:00:00,12.75,7.2,3.58,19.48,14.44,12.24,928.295,21.678,0.198,1.13,32.8872783346184
2022-04-15 14:30:00,12.8,7.37,3.26,19.18,14.5,12.2,830.989,19.427,0.178,1.01,32.8856592135698
2022-04-15 15:00:00,13,7.53,3.74,19.12,14.56,12.24,733.657,17.17,0.157,0.89,32.8840400925212
2022-04-15 15:30:00,13.06,7.45,3.77,19.24,14.54,12.22,611.164,14.319,0.131,0.91,32.8824209714726
2022-04-15 16:00:00,13.06,7.42,3.86,19.32,14.52,12.32,488.638,11.461,0.105,0.93,32.8808018504241
2022-04-15 16:30:00,13.05,7.5,3.83,19.56,14.66,12.38,352.51,8.277,0.076,0.83,32.8791827293755
2022-04-15 17:00:00,13.07,7.17,3.79,19.66,14.44,12.36,216.345,5.085,0.047,0.73,32.8775636083269
2022-04-15 17:30:00,13.11,7.2,3.78,19.64,14.46,12.36,119.793,2.819,0.026,0.63,32.8759444872783
2022-04-15 18:00:00,13.12,7.15,3.91,19.56,14.46,12.34,23.215,0.547,0.005,0.53,32.8743253662298
2022-04-15 18:30:00,13.08,7.12,3.86,19.62,14.44,12.32,11.609,0.274,0.003,0.51,32.8727062451812
2022-04-15 19:00:00,13.05,7.2,3.95,19.58,14.46,12.3,0,0,0,0.49,32.8710871241326
2022-04-15 19:30:00,13.02,7.21,3.98,19.56,14.48,12.32,0,0,0,0.475,32.869468003084
2022-04-15 20:00:00,13.07,7.32,3.89,19.58,14.54,12.3,0,0,0,0.46,32.8678488820355
2022-04-15 20:30:00,13.1,7.26,3.89,19.68,14.5,12.3,0,0,0,0.455,32.8662297609869
2022-04-15 21:00:00,13.02,7.16,4.07,19.7,14.46,12.3,0,0,0,0.45,32.8646106399383
2022-04-15 21:30:00,12.73,7.22,4.06,19.8,14.5,12.28,0,0,0,0.425,32.8629915188897
2022-04-15 22:00:00,12.68,7.23,4.13,19.8,14.52,12.34,0,0,0,0.4,32.8613723978412
2022-04-15 22:30:00,12.78,7.16,4.12,19.88,14.5,12.34,0,0,0,0.415,32.8597532767926
2022-04-15 23:00:00,12.72,7.34,4.09,19.9,14.58,12.34,0,0,0,0.43,32.858134155744
2022-04-15 23:30:00,12.64,7.3,4.24,20.02,14.6,12.4,0,0,0,0.42,32.8565150346954
2022-04-16,12.49,7.28,4.11,20.08,14.64,12.4,0,0,0,0.41,32.8548959136469
2022-04-16 00:30:00,12.49,7.39,4.04,20.02,14.64,12.38,0,0,0,0.41,32.8532767925983
2022-04-16 01:00:00,12.45,7.31,4,19.98,14.62,12.36,0,0,0,0.41,32.8516576715497
2022-04-16 01:30:00,12.46,7.39,4.06,19.9,14.66,12.34,0,0,0,0.565,32.8500385505012
2022-04-16 02:00:00,12.42,7.4,4.24,19.84,14.68,12.36,0,0,0,0.72,32.8484194294526
2022-04-16 02:30:00,12.47,7.49,4.21,19.76,14.7,12.34,0,0,0,0.825,32.846800308404
2022-04-16 03:00:00,12.48,7.56,4.19,19.7,14.7,12.34,0,0,0,0.93,32.8451811873554
2022-04-16 03:30:00,12.49,7.52,4.13,19.64,14.68,12.32,0,0,0,1.215,32.8435620663069
2022-04-16 04:00:00,12.47,7.53,4.11,19.56,14.7,12.34,0,0,0,1.5,32.8419429452583
2022-04-16 04:30:00,12.36,7.46,4.11,19.5,14.72,12.34,0.875,0.021,0,1.335,32.8403238242097
2022-04-16 05:00:00,12.24,7.61,4.14,19.42,14.78,12.32,1.75,0.042,0,1.17,32.8387047031611
2022-04-16 05:30:00,12.25,7.66,4.13,19.44,14.76,12.32,13.784,0.333,0.003,1.53,32.8370855821126
2022-04-16 06:00:00,12.27,7.5,4.16,19.26,14.7,12.32,25.821,0.624,0.006,1.89,32.835466461064
2022-04-16 06:30:00,12.26,7.64,4.16,19.3,14.74,12.34,40.679,0.985,0.009,1.305,32.8338473400154
2022-04-16 07:00:00,12.25,7.59,4.15,19.28,14.78,12.34,55.541,1.346,0.013,0.72,32.8322282189668
2022-04-16 07:30:00,12.2,7.67,4.12,19.26,14.8,12.34,70.743,1.717,0.016,0.695,32.8306090979183
2022-04-16 08:00:00,12.12,7.59,4.24,19.3,14.8,12.4,85.949,2.088,0.02,0.67,32.8289899768697
2022-04-16 08:30:00,12.16,7.61,4.13,19.3,14.82,12.36,158.019,3.843,0.037,0.81,32.8273708558211
2022-04-16 09:00:00,12.11,7.63,4,19.24,14.8,12.32,230.109,5.602,0.054,0.95,32.8257517347726
2022-04-16 09:30:00,12.08,7.49,4.09,19.16,14.72,12.32,571.127,13.919,0.134,1.11,32.824132613724
2022-04-16 10:00:00,12.15,7.5,4.17,19.1,14.72,12.36,912.239,22.257,0.215,1.27,32.8225134926754
2022-04-16 10:30:00,12.19,7.5,3.99,19.1,14.76,12.32,981.299,23.968,0.231,1.145,32.8208943716268
2022-04-16 11:00:00,12.23,7.43,4.15,19.08,14.72,12.28,1050.378,25.684,0.248,1.02,32.8192752505783
2022-04-16 11:30:00,12.14,7.38,3.74,19.14,14.68,12.24,1073.945,26.289,0.255,1.02,32.8176561295297
2022-04-16 12:00:00,12.23,7.39,3.76,19.16,14.68,12.24,1097.518,26.895,0.261,1.02,32.8160370084811
2022-04-16 12:30:00,12.32,7.38,4.15,19.22,14.68,12.32,1078.382,26.455,0.257,0.935,32.8144178874325
2022-04-16 13:00:00,12.29,7.38,4.09,19.26,14.68,12.34,1059.241,26.014,0.253,0.85,32.812798766384
2022-04-16 13:30:00,12.34,7.33,3.98,19.28,14.66,12.34,1007.764,24.777,0.241,0.95,32.8111796453354
2022-04-16 14:00:00,12.31,7.29,3.71,19.32,14.66,12.26,956.273,23.537,0.229,1.05,32.8095605242868
2022-04-16 14:30:00,12.49,7.31,4.08,19.46,14.64,12.3,863.597,21.279,0.208,1.025,32.8079414032382
2022-04-16 15:00:00,12.68,7.34,3.87,19.54,14.66,12.28,770.895,19.016,0.186,1,32.8063222821897
2022-04-16 15:30:00,12.64,7.23,4.28,19.58,14.62,12.36,652.448,16.112,0.158,0.985,32.8047031611411
2022-04-16 16:00:00,12.69,7.31,3.82,19.62,14.62,12.3,533.969,13.201,0.129,0.97,32.8030840400925
2022-04-16 16:30:00,12.67,7.27,3.93,19.62,14.66,12.28,383.538,9.492,0.093,0.81,32.801464919044
2022-04-16 17:00:00,12.62,7.41,3.91,19.72,14.7,12.32,233.067,5.774,0.057,0.65,32.7998457979954
2022-04-16 17:30:00,12.59,7.37,3.98,19.78,14.72,12.36,126.873,3.147,0.031,0.53,32.7982266769468
2022-04-16 18:00:00,12.73,7.34,3.95,19.68,14.7,12.34,20.65,0.513,0.005,0.41,32.7966075558982
2022-04-16 18:30:00,12.79,7.28,4.04,19.62,14.7,12.34,10.327,0.257,0.003,0.405,32.7949884348497
2022-04-16 19:00:00,12.64,7.29,4.11,19.6,14.7,12.34,0,0,0,0.4,32.7933693138011
2022-04-16 19:30:00,12.8,7.43,4.29,19.72,14.7,12.32,0,0,0,0.45,32.7917501927525
2022-04-16 20:00:00,12.73,7.45,4.27,19.88,14.72,12.32,0,0,0,0.5,32.7901310717039
2022-04-16 20:30:00,12.75,7.47,4.07,19.9,14.74,12.32,0,0,0,0.555,32.7885119506554
2022-04-16 21:00:00,12.77,7.44,4.17,19.98,14.76,12.32,0,0,0,0.61,32.7868928296068
2022-04-16 21:30:00,12.73,7.43,4.21,20.2,14.76,12.32,0,0,0,0.83,32.7852737085582
2022-04-16 22:00:00,12.64,7.46,4.16,20.46,14.78,12.32,0,0,0,1.05,32.7836545875096
2022-04-16 22:30:00,12.35,7.49,3.92,20.98,14.8,12.3,0,0,0,1.485,32.7820354664611
2022-04-16 23:00:00,12.24,7.47,4.24,20.88,14.78,12.32,0,0,0,1.92,32.7804163454125
2022-04-16 23:30:00,12.13,7.52,4.25,20.66,14.78,12.34,0,0,0,2.06,32.7787972243639
2022-04-17,12.11,7.59,4.23,20.38,14.8,12.34,0,0,0,2.2,32.7771781033153
2022-04-17 00:30:00,12.12,7.67,4.22,20.1,14.86,12.34,0,0,0,1.925,32.7755589822668
2022-04-17 01:00:00,12.13,7.66,4.13,19.96,14.84,12.36,0,0,0,1.65,32.7739398612182
2022-04-17 01:30:00,12.05,7.63,4.08,20.06,14.82,12.4,0,0,0,1.795,32.7723207401696
2022-04-17 02:00:00,11.94,7.65,4.04,20.28,14.84,12.34,0,0,0,1.94,32.770701619121
2022-04-17 02:30:00,11.83,7.85,4.08,20.2,14.94,12.36,0,0,0,1.84,32.7690824980725
2022-04-17 03:00:00,11.87,7.63,4.09,20.06,14.84,12.36,0,0,0,1.74,32.7674633770239
2022-04-17 03:30:00,11.82,7.78,4.2,19.88,14.92,12.42,0,0,0,1.665,32.7658442559753
2022-04-17 04:00:00,11.8,7.74,4.21,19.88,14.88,12.38,0,0,0,1.59,32.7642251349268
2022-04-17 04:30:00,11.77,7.87,4.11,19.78,14.9,12.4,0.923,0.023,0,1.185,32.7626060138782
2022-04-17 05:00:00,11.69,7.9,4.11,19.74,14.96,12.4,1.846,0.047,0,0.78,32.7609868928296
2022-04-17 05:30:00,11.71,7.78,4.08,19.62,14.96,12.34,11.323,0.288,0.003,0.73,32.759367771781
2022-04-17 06:00:00,11.64,7.75,3.76,19.58,14.96,12.28,20.803,0.53,0.005,0.68,32.7577486507325
2022-04-17 06:30:00,11.67,7.87,3.81,19.5,15,12.3,31.993,0.816,0.008,0.64,32.7561295296839
2022-04-17 07:00:00,11.66,7.85,4.07,19.5,14.96,12.3,43.186,1.103,0.011,0.6,32.7545104086353
2022-04-17 07:30:00,11.75,7.65,4.32,19.44,14.88,12.38,55.378,1.416,0.014,0.755,32.7528912875867
2022-04-17 08:00:00,11.66,7.64,3.98,19.44,14.9,12.36,67.574,1.73,0.018,0.91,32.7512721665382
2022-04-17 08:30:00,11.59,7.52,3.77,19.46,14.84,12.32,143.926,3.689,0.038,0.91,32.7496530454896
2022-04-17 09:00:00,11.6,7.26,3.94,19.46,14.76,12.36,220.299,5.653,0.058,0.91,32.748033924441
2022-04-17 09:30:00,11.82,7.3,4.09,19.5,14.76,12.38,579.322,14.882,0.153,0.87,32.7464148033924
2022-04-17 10:00:00,11.74,7.33,3.77,19.52,14.76,12.38,938.443,24.133,0.249,0.83,32.7447956823439
2022-04-17 10:30:00,11.86,7.44,3.69,19.58,14.8,12.34,978.947,25.203,0.26,0.925,32.7431765612953
2022-04-17 11:00:00,11.77,7.58,3.52,19.5,14.86,12.28,1019.463,26.274,0.271,1.02,32.7415574402467
2022-04-17 11:30:00,11.97,7.49,3.72,19.64,14.82,12.34,1022.008,26.369,0.273,0.975,32.7399383191982
2022-04-17 12:00:00,12,7.35,3.8,19.72,14.76,12.36,1024.553,26.464,0.274,0.93,32.7383191981496
2022-04-17 12:30:00,12.14,7.38,3.74,19.62,14.78,12.36,982.01,25.392,0.263,1,32.736700077101
2022-04-17 13:00:00,12.21,7.26,3.91,19.72,14.72,12.38,939.456,24.319,0.253,1.07,32.7350809560524
2022-04-17 13:30:00,12.38,7.31,3.39,19.74,14.7,12.28,853.367,22.115,0.23,1.025,32.7334618350039
2022-04-17 14:00:00,12.25,7.37,3.61,19.68,14.74,12.32,767.255,19.905,0.207,0.98,32.7318427139553
2022-04-17 14:30:00,12.28,7.25,4.04,19.72,14.66,12.4,659.257,17.122,0.179,1.05,32.7302235929067
2022-04-17 15:00:00,12.41,7.39,4.12,19.9,14.72,12.44,551.231,14.332,0.15,1.12,32.7286044718581
2022-04-17 15:30:00,12.4,7.41,4.02,19.7,14.76,12.4,467.618,12.171,0.127,1.165,32.7269853508096
2022-04-17 16:00:00,12.79,7.53,3.99,19.54,14.8,12.42,383.983,10.005,0.105,1.21,32.725366229761
2022-04-17 16:30:00,12.6,7.42,3.64,19.64,14.78,12.38,274.289,7.155,0.075,1.17,32.7237471087124
2022-04-17 17:00:00,12.8,7.42,3.89,19.58,14.76,12.4,164.564,4.297,0.045,1.13,32.7221279876638
2022-04-17 17:30:00,12.41,7.33,3.96,19.58,14.72,12.4,99.706,2.607,0.027,0.885,32.7205088666153
2022-04-17 18:00:00,12.44,7.33,3.89,19.42,14.72,12.38,34.83,0.912,0.01,0.64,32.7188897455667
2022-04-17 18:30:00,12.41,7.33,3.97,19.46,14.72,12.38,17.417,0.456,0.005,0.525,32.7172706245181
2022-04-17 19:00:00,12.33,7.34,3.93,20.06,14.8,12.4,0,0,0,0.41,32.7156515034695
2022-04-17 19:30:00,12.2,7.22,4.03,19.78,14.7,12.42,0,0,0,0.405,32.714032382421
2022-04-17 20:00:00,12.62,7.5,4.05,19.6,14.82,12.42,0,0,0,0.4,32.7124132613724
2022-04-17 20:30:00,12.61,7.27,3.87,19.52,14.74,12.4,0,0,0,0.41,32.7107941403238
2022-04-17 21:00:00,12.42,7.23,4.15,19.44,14.72,12.42,0,0,0,0.42,32.7091750192752
2022-04-17 21:30:00,12.5,7.28,4.28,19.44,14.72,12.48,0,0,0,0.485,32.7075558982267
2022-04-17 22:00:00,12.51,7.18,3.92,19.48,14.68,12.42,0,0,0,0.55,32.7059367771781
2022-04-17 22:30:00,12.32,7.22,4.25,19.64,14.74,12.48,0,0,0,0.74,32.7043176561295
2022-04-17 23:00:00,12.29,7.31,4.37,19.7,14.78,12.52,0,0,0,0.93,32.702698535081
2022-04-17 23:30:00,12.21,7.32,4.34,20.02,14.78,12.52,0,0,0,0.915,32.7010794140324
2022-04-18,12.09,7.4,4.5,20.28,14.78,12.58,0,0,0,0.9,32.6994602929838
2022-04-18 00:30:00,11.95,7.4,4.43,20.46,14.76,12.58,0,0,0,0.8,32.6978411719352
2022-04-18 01:00:00,11.91,7.34,4.41,20.48,14.76,12.58,0,0,0,0.7,32.6962220508867
2022-04-18 01:30:00,11.86,7.28,4.41,20.42,14.76,12.58,0,0,0,0.745,32.6946029298381
2022-04-18 02:00:00,11.88,7.41,4.3,20.28,14.78,12.56,0,0,0,0.79,32.6929838087895
2022-04-18 02:30:00,11.93,7.31,4.24,20.16,14.8,12.54,0,0,0,0.85,32.6913646877409
2022-04-18 03:00:00,11.8,7.43,4.15,20.24,14.8,12.5,0,0,0,0.91,32.6897455666924
2022-04-18 03:30:00,11.62,7.4,4.28,20.2,14.8,12.54,0,0,0,1.035,32.6881264456438
2022-04-18 04:00:00,11.75,7.48,4.27,20.12,14.82,12.54,0,0,0,1.16,32.6865073245952
2022-04-18 04:30:00,11.69,7.54,4.25,20.1,14.84,12.54,1.129,0.03,0,0.985,32.6848882035466
2022-04-18 05:00:00,11.72,7.54,4.19,20.02,14.86,12.48,2.259,0.061,0.001,0.81,32.6832690824981
2022-04-18 05:30:00,11.72,7.57,4.24,19.86,14.86,12.48,13.298,0.357,0.004,0.72,32.6816499614495
2022-04-18 06:00:00,11.6,7.63,4.29,19.7,14.9,12.54,24.341,0.654,0.007,0.63,32.6800308404009
2022-04-18 06:30:00,11.58,7.41,4.2,19.56,14.82,12.5,35.065,0.943,0.01,0.68,32.6784117193524
2022-04-18 07:00:00,11.58,7.57,4.16,19.58,14.88,12.48,45.791,1.233,0.013,0.73,32.6767925983038
2022-04-18 07:30:00,11.48,7.45,4.27,19.64,14.86,12.48,58.915,1.588,0.017,0.695,32.6751734772552
2022-04-18 08:00:00,11.48,7.29,4.17,19.74,14.8,12.48,72.042,1.944,0.021,0.66,32.6735543562066
2022-04-18 08:30:00,11.6,7.26,4.19,19.88,14.76,12.48,136.501,3.688,0.04,0.82,32.6719352351581
2022-04-18 09:00:00,11.5,7.25,4.19,19.86,14.78,12.48,200.978,5.436,0.06,0.98,32.6703161141095
2022-04-18 09:30:00,11.66,7.36,4.2,19.86,14.82,12.46,573.18,15.519,0.17,1.095,32.6686969930609
2022-04-18 10:00:00,11.77,7.49,4.22,19.9,14.86,12.48,945.485,25.628,0.282,1.21,32.6670778720123
2022-04-18 10:30:00,11.79,7.54,4.13,19.94,14.88,12.46,1017.59,27.612,0.304,1.32,32.6654587509638
2022-04-18 11:00:00,11.86,7.41,4.07,19.92,14.86,12.44,1089.715,29.602,0.326,1.43,32.6638396299152
2022-04-18 11:30:00,12.03,7.5,3.89,19.76,14.84,12.4,1110.623,30.203,0.334,1.255,32.6622205088666
2022-04-18 12:00:00,12.02,7.44,3.92,19.74,14.82,12.4,1131.537,30.805,0.341,1.08,32.660601387818
2022-04-18 12:30:00,12.07,7.48,3.71,19.72,14.84,12.4,1098.407,29.936,0.332,1.17,32.6589822667695
2022-04-18 13:00:00,12.15,7.38,3.64,19.74,14.78,12.38,1065.268,29.065,0.322,1.26,32.6573631457209
2022-04-18 13:30:00,12.17,7.41,3.76,19.74,14.8,12.38,970.54,26.509,0.294,1.22,32.6557440246723
2022-04-18 14:00:00,12.27,7.39,4,19.86,14.78,12.4,875.785,23.948,0.266,1.18,32.6541249036237
2022-04-18 14:30:00,12.21,7.4,3.86,19.86,14.8,12.36,831.803,22.77,0.254,1.14,32.6525057825752
2022-04-18 15:00:00,12.25,7.42,3.09,20.06,14.88,12.28,787.809,21.589,0.241,1.1,32.6508866615266
2022-04-18 15:30:00,12.29,7.32,3.65,20.14,14.78,12.3,681.769,18.704,0.209,1.275,32.649267540478
2022-04-18 16:00:00,12.33,7.37,3.38,20.24,14.76,12.34,575.7,15.811,0.177,1.45,32.6476484194295
2022-04-18 16:30:00,12.36,7.14,3.95,20.32,14.66,12.36,410.024,11.273,0.126,1.34,32.6460292983809
2022-04-18 17:00:00,12.31,7.12,3.54,20.56,14.66,12.38,244.302,6.724,0.075,1.23,32.6444101773323
2022-04-18 17:30:00,12.12,7.05,3.56,20.26,14.6,12.4,130.673,3.601,0.04,1,32.6427910562837
2022-04-18 18:00:00,12.28,7.25,3.4,19.96,14.68,12.32,17.012,0.469,0.005,0.77,32.6411719352352
2022-04-18 18:30:00,12.01,7.21,3.53,19.7,14.74,12.36,8.507,0.235,0.003,1.03,32.6395528141866
2022-04-18 19:00:00,12.26,7.27,3.79,19.54,14.74,12.4,0,0,0,1.29,32.637933693138
2022-04-18 19:30:00,12.28,7.34,3.78,20.12,14.76,12.38,0,0,0,1.055,32.6363145720894
2022-04-18 20:00:00,12.1,7.41,3.8,20.2,14.8,12.4,0,0,0,0.82,32.6346954510409
2022-04-18 20:30:00,12.2,7.42,3.44,19.7,14.8,12.34,0,0,0,0.64,32.6330763299923
2022-04-18 21:00:00,12.35,7.42,3.62,19.66,14.84,12.4,0,0,0,0.46,32.6314572089437
2022-04-18 21:30:00,11.8,7.42,4.06,20.24,14.86,12.44,0,0,0,0.535,32.6298380878951
2022-04-18 22:00:00,11.58,7.39,3.31,20.22,14.86,12.36,0,0,0,0.61,32.6282189668466
2022-04-18 22:30:00,11.92,7.32,3.53,20,14.82,12.36,0,0,0,0.67,32.626599845798
2022-04-18 23:00:00,11.83,7.34,3.23,20,14.82,12.36,0,0,0,0.73,32.6249807247494
2022-04-18 23:30:00,11.69,7.3,3.46,20.06,14.8,12.38,0,0,0,0.69,32.6233616037009
2022-04-19,11.83,7.37,3.92,20,14.8,12.44,0,0,0,0.65,32.6217424826523
2022-04-19 00:30:00,11.83,7.3,3.74,20,14.8,12.44,0,0,0,0.64,32.6201233616037
2022-04-19 01:00:00,11.8,7.54,3.43,20.02,14.82,12.46,0,0,0,0.63,32.6185042405551
2022-04-19 01:30:00,11.72,7.65,3.55,20.02,14.9,12.46,0,0,0,0.79,32.6168851195066
2022-04-19 02:00:00,11.75,7.78,3.9,19.88,14.98,12.52,0,0,0,0.95,32.615265998458
2022-04-19 02:30:00,11.7,7.83,3.97,19.86,15,12.6,0,0,0,0.895,32.6136468774094
2022-04-19 03:00:00,11.54,7.78,4.15,19.92,15.04,12.64,0,0,0,0.84,32.6120277563608
2022-04-19 03:30:00,11.55,7.74,4.21,19.88,15.04,12.66,0,0,0,0.88,32.6104086353123
2022-04-19 04:00:00,11.54,7.58,3.81,19.9,14.92,12.5,0,0,0,0.92,32.6087895142637
2022-04-19 04:30:00,11.57,7.65,3.58,19.84,14.98,12.48,1.424,0.04,0,1.12,32.6071703932151
2022-04-19 05:00:00,11.53,7.7,3.88,19.78,15,12.4,2.848,0.08,0.001,1.32,32.6055512721665
2022-04-19 05:30:00,11.57,7.66,3.78,19.78,15.02,12.4,14.358,0.406,0.005,1.665,32.603932151118
2022-04-19 06:00:00,11.53,7.63,3.92,19.72,14.96,12.62,25.871,0.733,0.009,2.01,32.6023130300694
2022-04-19 06:30:00,11.5,7.56,4.23,19.62,14.96,12.58,36.201,1.026,0.012,1.925,32.6006939090208
2022-04-19 07:00:00,11.49,7.58,3.9,19.62,15.02,12.44,46.534,1.321,0.015,1.84,32.5990747879722
2022-04-19 07:30:00,11.45,7.8,4.16,19.54,15.12,12.5,60.998,1.733,0.02,1.41,32.5974556669237
2022-04-19 08:00:00,11.44,7.67,4.16,19.5,15.12,12.54,75.465,2.147,0.025,0.98,32.5958365458751
2022-04-19 08:30:00,11.34,7.78,4.09,19.6,15.14,12.48,133.749,3.809,0.045,1.1,32.5942174248265
2022-04-19 09:00:00,11.32,7.67,4.3,19.64,15.12,12.52,192.05,5.475,0.064,1.22,32.5925983037779
2022-04-19 09:30:00,11.29,7.72,3.97,19.7,15.14,12.44,559.804,15.976,0.187,1.325,32.5909791827294
2022-04-19 10:00:00,11.34,7.74,4.15,19.72,15.18,12.48,927.659,26.503,0.311,1.43,32.5893600616808
2022-04-19 10:30:00,11.45,7.68,4.21,19.78,15.14,12.48,1031.703,29.507,0.347,1.48,32.5877409406322
2022-04-19 11:00:00,11.5,7.7,4.16,19.8,15.1,12.42,1135.776,32.52,0.383,1.53,32.5861218195837
2022-04-19 11:30:00,11.47,7.63,3.97,20,15.04,12.38,1075.351,30.823,0.364,1.45,32.5845026985351
2022-04-19 12:00:00,11.57,7.58,3.95,19.76,15.08,12.4,1014.909,29.123,0.344,1.37,32.5828835774865
2022-04-19 12:30:00,11.63,7.48,3.96,19.78,14.98,12.4,873.148,25.082,0.297,1.56,32.5812644564379
2022-04-19 13:00:00,11.66,7.23,3.4,19.72,14.9,12.24,731.348,21.032,0.249,1.75,32.5796453353894
2022-04-19 13:30:00,11.76,7.23,3.38,19.68,14.82,12.26,846.875,24.381,0.289,1.57,32.5780262143408
2022-04-19 14:00:00,11.91,7.26,2.89,19.7,14.8,12.2,962.434,27.738,0.329,1.39,32.5764070932922
2022-04-19 14:30:00,11.76,7.32,3.01,19.84,14.84,12.22,837.849,24.174,0.287,1.42,32.5747879722436
2022-04-19 15:00:00,11.74,7.29,3.01,20,14.76,12.26,713.229,20.601,0.245,1.45,32.5731688511951
2022-04-19 15:30:00,11.7,7.09,3.52,20.22,14.82,12.24,654.12,18.914,0.226,1.335,32.5715497301465
2022-04-19 16:00:00,11.67,7.09,3.71,20.26,14.64,12.3,594.995,17.224,0.206,1.22,32.5699306090979
2022-04-19 16:30:00,11.68,7.03,3.66,20.22,14.58,12.34,415.071,12.028,0.144,1.225,32.5683114880493
2022-04-19 17:00:00,11.7,7.19,2.81,20.22,14.7,12.34,235.098,6.82,0.082,1.23,32.5666923670008
2022-04-19 17:30:00,11.64,7.17,3.47,20.32,14.7,12.42,131.394,3.816,0.046,1,32.5650732459522
2022-04-19 18:00:00,11.64,7.31,3.42,20.32,14.88,12.4,27.661,0.804,0.01,0.77,32.5634541249036
2022-04-19 18:30:00,11.61,7.3,3.38,20.28,14.82,12.4,13.832,0.403,0.005,1.385,32.5618350038551
2022-04-19 19:00:00,11.59,7.43,3.73,20.24,14.9,12.5,0,0,0,2,32.5602158828065
2022-04-19 19:30:00,11.6,7.64,3.74,20.22,15.02,12.42,0,0,0,1.775,32.5585967617579
2022-04-19 20:00:00,11.53,7.33,3.82,20.22,14.84,12.44,0,0,0,1.55,32.5569776407093
2022-04-19 20:30:00,11.5,7.44,4.14,20.28,14.9,12.44,0,0,0,1.345,32.5553585196608
2022-04-19 21:00:00,11.46,7.31,4.13,20.26,14.9,12.42,0,0,0,1.14,32.5537393986122
2022-04-19 21:30:00,11.45,7.53,3.87,20.22,14.94,12.44,0,0,0,1.22,32.5521202775636
2022-04-19 22:00:00,11.43,7.57,4.02,20.18,15.04,12.44,0,0,0,1.3,32.550501156515
2022-04-19 22:30:00,11.43,7.68,4.22,20.12,15.06,12.54,0,0,0,1.5,32.5488820354665
2022-04-19 23:00:00,11.38,7.69,4.08,20.08,15.06,12.54,0,0,0,1.7,32.5472629144179
2022-04-19 23:30:00,11.38,7.59,4.1,20.06,15.04,12.52,0,0,0,1.885,32.5456437933693
