"time","DO","T","depth"
2022-04-12,11.09,16.62,1
2022-04-12 00:30:00,11.31,16.7,1
2022-04-12 01:00:00,11.2,16.66,1
2022-04-12 01:30:00,11.25,16.66,1
2022-04-12 02:00:00,11.22,16.64,1
2022-04-12 02:30:00,11.27,16.68,1
2022-04-12 03:00:00,11.1,16.62,1
2022-04-12 03:30:00,11.04,16.58,1
2022-04-12 04:00:00,10.85,16.54,1
2022-04-12 04:30:00,10.76,16.52,1
2022-04-12 05:00:00,10.8,16.46,1
2022-04-12 05:30:00,10.85,16.46,1
2022-04-12 06:00:00,10.86,16.42,1
2022-04-12 06:30:00,10.81,16.4,1
2022-04-12 07:00:00,10.8,16.38,1
2022-04-12 07:30:00,10.84,16.4,1
2022-04-12 08:00:00,10.85,16.42,1
2022-04-12 08:30:00,10.88,16.46,1
2022-04-12 09:00:00,11.18,16.58,1
2022-04-12 09:30:00,11.28,16.68,1
2022-04-12 10:00:00,11.28,16.72,1
2022-04-12 10:30:00,11.39,16.76,1
2022-04-12 11:00:00,11.57,16.8,1
2022-04-12 11:30:00,11.57,16.74,1
2022-04-12 12:00:00,11.71,16.98,1
2022-04-12 12:30:00,11.78,17,1
2022-04-12 13:00:00,11.68,16.92,1
2022-04-12 13:30:00,11.71,16.92,1
2022-04-12 14:00:00,11.76,17.04,1
2022-04-12 14:30:00,11.86,17.16,1
2022-04-12 15:00:00,12.53,17.2,1
2022-04-12 15:30:00,12.16,17.36,1
2022-04-12 16:00:00,12.2,17.38,1
2022-04-12 16:30:00,12.34,17.54,1
2022-04-12 17:00:00,12.47,17.58,1
2022-04-12 17:30:00,12.54,17.54,1
2022-04-12 18:00:00,12.6,17.48,1
2022-04-12 18:30:00,12.47,17.32,1
2022-04-12 19:00:00,12.48,17.28,1
2022-04-12 19:30:00,12.44,17.28,1
2022-04-12 20:00:00,12.42,17.36,1
2022-04-12 20:30:00,12.43,17.34,1
2022-04-12 21:00:00,12.27,17.34,1
2022-04-12 21:30:00,12.18,17.34,1
2022-04-12 22:00:00,12.17,17.32,1
2022-04-12 22:30:00,12.15,17.32,1
2022-04-12 23:00:00,12.13,17.3,1
2022-04-12 23:30:00,12.17,17.24,1
2022-04-13,12.2,17.18,1
2022-04-13 00:30:00,12.15,17.14,1
2022-04-13 01:00:00,12.08,17.1,1
2022-04-13 01:30:00,11.97,17.08,1
2022-04-13 02:00:00,11.85,17.08,1
2022-04-13 02:30:00,11.79,17.04,1
2022-04-13 03:00:00,11.75,17.04,1
2022-04-13 03:30:00,11.68,17.02,1
2022-04-13 04:00:00,11.67,16.98,1
2022-04-13 04:30:00,11.61,16.96,1
2022-04-13 05:00:00,11.55,16.94,1
2022-04-13 05:30:00,11.46,16.9,1
2022-04-13 06:00:00,11.47,16.88,1
2022-04-13 06:30:00,11.53,16.86,1
2022-04-13 07:00:00,11.33,16.8,1
2022-04-13 07:30:00,11.32,16.82,1
2022-04-13 08:00:00,11.37,16.86,1
2022-04-13 08:30:00,11.45,16.86,1
2022-04-13 09:00:00,11.57,16.9,1
2022-04-13 09:30:00,11.61,16.88,1
2022-04-13 10:00:00,11.75,16.94,1
2022-04-13 10:30:00,11.84,16.98,1
2022-04-13 11:00:00,12.19,17.04,1
2022-04-13 11:30:00,11.97,17.04,1
2022-04-13 12:00:00,12.12,17.06,1
2022-04-13 12:30:00,12.32,17.1,1
2022-04-13 13:00:00,12.4,17.06,1
2022-04-13 13:30:00,12.87,17.14,1
2022-04-13 14:00:00,12.97,17.56,1
2022-04-13 14:30:00,12.69,18.34,1
2022-04-13 15:00:00,12.61,18.6,1
2022-04-13 15:30:00,12.75,18.56,1
2022-04-13 16:00:00,12.83,18.38,1
2022-04-13 16:30:00,12.75,18.36,1
2022-04-13 17:00:00,12.85,18.34,1
2022-04-13 17:30:00,12.86,18.5,1
2022-04-13 18:00:00,12.72,18.5,1
2022-04-13 18:30:00,12.61,18.36,1
2022-04-13 19:00:00,13.24,18.72,1
2022-04-13 19:30:00,12.92,18.7,1
2022-04-13 20:00:00,12.87,18.72,1
2022-04-13 20:30:00,12.82,18.64,1
2022-04-13 21:00:00,12.75,18.58,1
2022-04-13 21:30:00,12.65,18.5,1
2022-04-13 22:00:00,12.62,18.44,1
2022-04-13 22:30:00,12.62,18.36,1
2022-04-13 23:00:00,12.53,18.3,1
2022-04-13 23:30:00,12.48,18.26,1
2022-04-14,12.45,18.18,1
2022-04-14 00:30:00,12.44,18.14,1
2022-04-14 01:00:00,12.48,18.14,1
2022-04-14 01:30:00,12.48,18.18,1
2022-04-14 02:00:00,12.44,18.16,1
2022-04-14 02:30:00,12.42,18.16,1
2022-04-14 03:00:00,12.4,18.14,1
2022-04-14 03:30:00,12.34,18.1,1
2022-04-14 04:00:00,12.29,18.06,1
2022-04-14 04:30:00,12.28,18,1
2022-04-14 05:00:00,12.24,17.94,1
2022-04-14 05:30:00,12.19,17.9,1
2022-04-14 06:00:00,12.14,17.86,1
2022-04-14 06:30:00,12.12,17.8,1
2022-04-14 07:00:00,12.09,17.72,1
2022-04-14 07:30:00,12.07,17.74,1
2022-04-14 08:00:00,12.13,17.78,1
2022-04-14 08:30:00,12.27,17.9,1
2022-04-14 09:00:00,12.29,17.92,1
2022-04-14 09:30:00,12.32,17.9,1
2022-04-14 10:00:00,12.37,17.9,1
2022-04-14 10:30:00,12.49,17.92,1
2022-04-14 11:00:00,12.43,17.92,1
2022-04-14 11:30:00,12.47,17.88,1
2022-04-14 12:00:00,12.6,17.88,1
2022-04-14 12:30:00,12.62,17.88,1
2022-04-14 13:00:00,12.66,17.9,1
2022-04-14 13:30:00,12.84,17.9,1
2022-04-14 14:00:00,12.87,17.86,1
2022-04-14 14:30:00,13.14,18.4,1
2022-04-14 15:00:00,13.44,18.72,1
2022-04-14 15:30:00,13.34,19.14,1
2022-04-14 16:00:00,13.23,19.34,1
2022-04-14 16:30:00,13.23,19.44,1
2022-04-14 17:00:00,13.15,19.52,1
2022-04-14 17:30:00,13.22,19.44,1
2022-04-14 18:00:00,13.29,19.4,1
2022-04-14 18:30:00,13.07,19.38,1
2022-04-14 19:00:00,12.97,19.3,1
2022-04-14 19:30:00,12.92,19.26,1
2022-04-14 20:00:00,12.85,19.22,1
2022-04-14 20:30:00,12.97,19.2,1
2022-04-14 21:00:00,12.65,19.2,1
2022-04-14 21:30:00,12.87,19.16,1
2022-04-14 22:00:00,12.79,19.18,1
2022-04-14 22:30:00,12.78,19.18,1
2022-04-14 23:00:00,12.74,19.12,1
2022-04-14 23:30:00,12.64,19.02,1
2022-04-15,12.67,18.98,1
2022-04-15 00:30:00,12.79,18.96,1
2022-04-15 01:00:00,12.82,19.04,1
2022-04-15 01:30:00,12.81,19.04,1
2022-04-15 02:00:00,12.75,19.02,1
2022-04-15 02:30:00,12.73,18.96,1
2022-04-15 03:00:00,12.63,18.86,1
2022-04-15 03:30:00,12.56,18.8,1
2022-04-15 04:00:00,12.53,18.82,1
2022-04-15 04:30:00,12.43,18.8,1
2022-04-15 05:00:00,12.41,18.74,1
2022-04-15 05:30:00,12.42,18.72,1
2022-04-15 06:00:00,12.44,18.8,1
2022-04-15 06:30:00,12.37,18.72,1
2022-04-15 07:00:00,12.33,18.7,1
2022-04-15 07:30:00,12.36,18.7,1
2022-04-15 08:00:00,12.38,18.74,1
2022-04-15 08:30:00,12.46,18.8,1
2022-04-15 09:00:00,12.43,18.78,1
2022-04-15 09:30:00,12.37,18.7,1
2022-04-15 10:00:00,12.43,18.68,1
2022-04-15 10:30:00,12.49,18.66,1
2022-04-15 11:00:00,12.57,18.64,1
2022-04-15 11:30:00,12.6,18.64,1
2022-04-15 12:00:00,12.62,18.62,1
2022-04-15 12:30:00,12.63,18.64,1
2022-04-15 13:00:00,12.94,18.74,1
2022-04-15 13:30:00,12.74,19.38,1
2022-04-15 14:00:00,12.75,19.48,1
2022-04-15 14:30:00,12.8,19.18,1
2022-04-15 15:00:00,13,19.12,1
2022-04-15 15:30:00,13.06,19.24,1
2022-04-15 16:00:00,13.06,19.32,1
2022-04-15 16:30:00,13.05,19.56,1
2022-04-15 17:00:00,13.07,19.66,1
2022-04-15 17:30:00,13.11,19.64,1
2022-04-15 18:00:00,13.12,19.56,1
2022-04-15 18:30:00,13.08,19.62,1
2022-04-15 19:00:00,13.05,19.58,1
2022-04-15 19:30:00,13.02,19.56,1
2022-04-15 20:00:00,13.07,19.58,1
2022-04-15 20:30:00,13.1,19.68,1
2022-04-15 21:00:00,13.02,19.7,1
2022-04-15 21:30:00,12.73,19.8,1
2022-04-15 22:00:00,12.68,19.8,1
2022-04-15 22:30:00,12.78,19.88,1
2022-04-15 23:00:00,12.72,19.9,1
2022-04-15 23:30:00,12.64,20.02,1
2022-04-16,12.49,20.08,1
2022-04-16 00:30:00,12.49,20.02,1
2022-04-16 01:00:00,12.45,19.98,1
2022-04-16 01:30:00,12.46,19.9,1
2022-04-16 02:00:00,12.42,19.84,1
2022-04-16 02:30:00,12.47,19.76,1
2022-04-16 03:00:00,12.48,19.7,1
2022-04-16 03:30:00,12.49,19.64,1
2022-04-16 04:00:00,12.47,19.56,1
2022-04-16 04:30:00,12.36,19.5,1
2022-04-16 05:00:00,12.24,19.42,1
2022-04-16 05:30:00,12.25,19.44,1
2022-04-16 06:00:00,12.27,19.26,1
2022-04-16 06:30:00,12.26,19.3,1
2022-04-16 07:00:00,12.25,19.28,1
2022-04-16 07:30:00,12.2,19.26,1
2022-04-16 08:00:00,12.12,19.3,1
2022-04-16 08:30:00,12.16,19.3,1
2022-04-16 09:00:00,12.11,19.24,1
2022-04-16 09:30:00,12.08,19.16,1
2022-04-16 10:00:00,12.15,19.1,1
2022-04-16 10:30:00,12.19,19.1,1
2022-04-16 11:00:00,12.23,19.08,1
2022-04-16 11:30:00,12.14,19.14,1
2022-04-16 12:00:00,12.23,19.16,1
2022-04-16 12:30:00,12.32,19.22,1
2022-04-16 13:00:00,12.29,19.26,1
2022-04-16 13:30:00,12.34,19.28,1
2022-04-16 14:00:00,12.31,19.32,1
2022-04-16 14:30:00,12.49,19.46,1
2022-04-16 15:00:00,12.68,19.54,1
2022-04-16 15:30:00,12.64,19.58,1
2022-04-16 16:00:00,12.69,19.62,1
2022-04-16 16:30:00,12.67,19.62,1
2022-04-16 17:00:00,12.62,19.72,1
2022-04-16 17:30:00,12.59,19.78,1
2022-04-16 18:00:00,12.73,19.68,1
2022-04-16 18:30:00,12.79,19.62,1
2022-04-16 19:00:00,12.64,19.6,1
2022-04-16 19:30:00,12.8,19.72,1
2022-04-16 20:00:00,12.73,19.88,1
2022-04-16 20:30:00,12.75,19.9,1
2022-04-16 21:00:00,12.77,19.98,1
2022-04-16 21:30:00,12.73,20.2,1
2022-04-16 22:00:00,12.64,20.46,1
2022-04-16 22:30:00,12.35,20.98,1
2022-04-16 23:00:00,12.24,20.88,1
2022-04-16 23:30:00,12.13,20.66,1
2022-04-17,12.11,20.38,1
2022-04-17 00:30:00,12.12,20.1,1
2022-04-17 01:00:00,12.13,19.96,1
2022-04-17 01:30:00,12.05,20.06,1
2022-04-17 02:00:00,11.94,20.28,1
2022-04-17 02:30:00,11.83,20.2,1
2022-04-17 03:00:00,11.87,20.06,1
2022-04-17 03:30:00,11.82,19.88,1
2022-04-17 04:00:00,11.8,19.88,1
2022-04-17 04:30:00,11.77,19.78,1
2022-04-17 05:00:00,11.69,19.74,1
2022-04-17 05:30:00,11.71,19.62,1
2022-04-17 06:00:00,11.64,19.58,1
2022-04-17 06:30:00,11.67,19.5,1
2022-04-17 07:00:00,11.66,19.5,1
2022-04-17 07:30:00,11.75,19.44,1
2022-04-17 08:00:00,11.66,19.44,1
2022-04-17 08:30:00,11.59,19.46,1
2022-04-17 09:00:00,11.6,19.46,1
2022-04-17 09:30:00,11.82,19.5,1
2022-04-17 10:00:00,11.74,19.52,1
2022-04-17 10:30:00,11.86,19.58,1
2022-04-17 11:00:00,11.77,19.5,1
2022-04-17 11:30:00,11.97,19.64,1
2022-04-17 12:00:00,12,19.72,1
2022-04-17 12:30:00,12.14,19.62,1
2022-04-17 13:00:00,12.21,19.72,1
2022-04-17 13:30:00,12.38,19.74,1
2022-04-17 14:00:00,12.25,19.68,1
2022-04-17 14:30:00,12.28,19.72,1
2022-04-17 15:00:00,12.41,19.9,1
2022-04-17 15:30:00,12.4,19.7,1
2022-04-17 16:00:00,12.79,19.54,1
2022-04-17 16:30:00,12.6,19.64,1
2022-04-17 17:00:00,12.8,19.58,1
2022-04-17 17:30:00,12.41,19.58,1
2022-04-17 18:00:00,12.44,19.42,1
2022-04-17 18:30:00,12.41,19.46,1
2022-04-17 19:00:00,12.33,20.06,1
2022-04-17 19:30:00,12.2,19.78,1
2022-04-17 20:00:00,12.62,19.6,1
2022-04-17 20:30:00,12.61,19.52,1
2022-04-17 21:00:00,12.42,19.44,1
2022-04-17 21:30:00,12.5,19.44,1
2022-04-17 22:00:00,12.51,19.48,1
2022-04-17 22:30:00,12.32,19.64,1
2022-04-17 23:00:00,12.29,19.7,1
2022-04-17 23:30:00,12.21,20.02,1
2022-04-18,12.09,20.28,1
2022-04-18 00:30:00,11.95,20.46,1
2022-04-18 01:00:00,11.91,20.48,1
2022-04-18 01:30:00,11.86,20.42,1
2022-04-18 02:00:00,11.88,20.28,1
2022-04-18 02:30:00,11.93,20.16,1
2022-04-18 03:00:00,11.8,20.24,1
2022-04-18 03:30:00,11.62,20.2,1
2022-04-18 04:00:00,11.75,20.12,1
2022-04-18 04:30:00,11.69,20.1,1
2022-04-18 05:00:00,11.72,20.02,1
2022-04-18 05:30:00,11.72,19.86,1
2022-04-18 06:00:00,11.6,19.7,1
2022-04-18 06:30:00,11.58,19.56,1
2022-04-18 07:00:00,11.58,19.58,1
2022-04-18 07:30:00,11.48,19.64,1
2022-04-18 08:00:00,11.48,19.74,1
2022-04-18 08:30:00,11.6,19.88,1
2022-04-18 09:00:00,11.5,19.86,1
2022-04-18 09:30:00,11.66,19.86,1
2022-04-18 10:00:00,11.77,19.9,1
2022-04-18 10:30:00,11.79,19.94,1
2022-04-18 11:00:00,11.86,19.92,1
2022-04-18 11:30:00,12.03,19.76,1
2022-04-18 12:00:00,12.02,19.74,1
2022-04-18 12:30:00,12.07,19.72,1
2022-04-18 13:00:00,12.15,19.74,1
2022-04-18 13:30:00,12.17,19.74,1
2022-04-18 14:00:00,12.27,19.86,1
2022-04-18 14:30:00,12.21,19.86,1
2022-04-18 15:00:00,12.25,20.06,1
2022-04-18 15:30:00,12.29,20.14,1
2022-04-18 16:00:00,12.33,20.24,1
2022-04-18 16:30:00,12.36,20.32,1
2022-04-18 17:00:00,12.31,20.56,1
2022-04-18 17:30:00,12.12,20.26,1
2022-04-18 18:00:00,12.28,19.96,1
2022-04-18 18:30:00,12.01,19.7,1
2022-04-18 19:00:00,12.26,19.54,1
2022-04-18 19:30:00,12.28,20.12,1
2022-04-18 20:00:00,12.1,20.2,1
2022-04-18 20:30:00,12.2,19.7,1
2022-04-18 21:00:00,12.35,19.66,1
2022-04-18 21:30:00,11.8,20.24,1
2022-04-18 22:00:00,11.58,20.22,1
2022-04-18 22:30:00,11.92,20,1
2022-04-18 23:00:00,11.83,20,1
2022-04-18 23:30:00,11.69,20.06,1
2022-04-19,11.83,20,1
2022-04-19 00:30:00,11.83,20,1
2022-04-19 01:00:00,11.8,20.02,1
2022-04-19 01:30:00,11.72,20.02,1
2022-04-19 02:00:00,11.75,19.88,1
2022-04-19 02:30:00,11.7,19.86,1
2022-04-19 03:00:00,11.54,19.92,1
2022-04-19 03:30:00,11.55,19.88,1
2022-04-19 04:00:00,11.54,19.9,1
2022-04-19 04:30:00,11.57,19.84,1
2022-04-19 05:00:00,11.53,19.78,1
2022-04-19 05:30:00,11.57,19.78,1
2022-04-19 06:00:00,11.53,19.72,1
2022-04-19 06:30:00,11.5,19.62,1
2022-04-19 07:00:00,11.49,19.62,1
2022-04-19 07:30:00,11.45,19.54,1
2022-04-19 08:00:00,11.44,19.5,1
2022-04-19 08:30:00,11.34,19.6,1
2022-04-19 09:00:00,11.32,19.64,1
2022-04-19 09:30:00,11.29,19.7,1
2022-04-19 10:00:00,11.34,19.72,1
2022-04-19 10:30:00,11.45,19.78,1
2022-04-19 11:00:00,11.5,19.8,1
2022-04-19 11:30:00,11.47,20,1
2022-04-19 12:00:00,11.57,19.76,1
2022-04-19 12:30:00,11.63,19.78,1
2022-04-19 13:00:00,11.66,19.72,1
2022-04-19 13:30:00,11.76,19.68,1
2022-04-19 14:00:00,11.91,19.7,1
2022-04-19 14:30:00,11.76,19.84,1
2022-04-19 15:00:00,11.74,20,1
2022-04-19 15:30:00,11.7,20.22,1
2022-04-19 16:00:00,11.67,20.26,1
2022-04-19 16:30:00,11.68,20.22,1
2022-04-19 17:00:00,11.7,20.22,1
2022-04-19 17:30:00,11.64,20.32,1
2022-04-19 18:00:00,11.64,20.32,1
2022-04-19 18:30:00,11.61,20.28,1
2022-04-19 19:00:00,11.59,20.24,1
2022-04-19 19:30:00,11.6,20.22,1
2022-04-19 20:00:00,11.53,20.22,1
2022-04-19 20:30:00,11.5,20.28,1
2022-04-19 21:00:00,11.46,20.26,1
2022-04-19 21:30:00,11.45,20.22,1
2022-04-19 22:00:00,11.43,20.18,1
2022-04-19 22:30:00,11.43,20.12,1
2022-04-19 23:00:00,11.38,20.08,1
2022-04-19 23:30:00,11.38,20.06,1
2022-04-12,7.85,14.82,9
2022-04-12 00:30:00,7.73,14.76,9
2022-04-12 01:00:00,8.28,14.88,9
2022-04-12 01:30:00,8.69,14.96,9
2022-04-12 02:00:00,8.47,14.9,9
2022-04-12 02:30:00,8.22,14.86,9
2022-04-12 03:00:00,8.21,14.84,9
2022-04-12 03:30:00,8.12,14.86,9
2022-04-12 04:00:00,8.09,14.84,9
2022-04-12 04:30:00,8.5,14.92,9
2022-04-12 05:00:00,8.55,14.94,9
2022-04-12 05:30:00,8.66,14.96,9
2022-04-12 06:00:00,8.68,14.96,9
2022-04-12 06:30:00,8.67,14.94,9
2022-04-12 07:00:00,8.62,14.96,9
2022-04-12 07:30:00,8.72,14.96,9
2022-04-12 08:00:00,8.73,14.98,9
2022-04-12 08:30:00,8.68,14.96,9
2022-04-12 09:00:00,8.69,14.96,9
2022-04-12 09:30:00,8.58,14.94,9
2022-04-12 10:00:00,8.55,14.94,9
2022-04-12 10:30:00,8.54,14.96,9
2022-04-12 11:00:00,8.56,14.98,9
2022-04-12 11:30:00,8.65,14.98,9
2022-04-12 12:00:00,8.52,14.96,9
2022-04-12 12:30:00,8.68,14.98,9
2022-04-12 13:00:00,8.75,15,9
2022-04-12 13:30:00,8.83,15.02,9
2022-04-12 14:00:00,8.68,15.04,9
2022-04-12 14:30:00,8.95,15.04,9
2022-04-12 15:00:00,8.7,15.02,9
2022-04-12 15:30:00,8.69,15,9
2022-04-12 16:00:00,8.56,14.94,9
2022-04-12 16:30:00,8.62,15.02,9
2022-04-12 17:00:00,8.21,14.9,9
2022-04-12 17:30:00,7.98,14.76,9
2022-04-12 18:00:00,8.08,14.78,9
2022-04-12 18:30:00,8.05,14.82,9
2022-04-12 19:00:00,8.09,14.8,9
2022-04-12 19:30:00,8.09,14.82,9
2022-04-12 20:00:00,8.08,14.82,9
2022-04-12 20:30:00,8.01,14.78,9
2022-04-12 21:00:00,8.31,14.9,9
2022-04-12 21:30:00,8.25,14.9,9
2022-04-12 22:00:00,8.29,14.94,9
2022-04-12 22:30:00,8.18,14.86,9
2022-04-12 23:00:00,8.15,14.84,9
2022-04-12 23:30:00,8.18,14.86,9
2022-04-13,8.16,14.86,9
2022-04-13 00:30:00,8.17,14.9,9
2022-04-13 01:00:00,7.97,14.8,9
2022-04-13 01:30:00,8.18,14.8,9
2022-04-13 02:00:00,8.12,14.82,9
2022-04-13 02:30:00,8.36,14.92,9
2022-04-13 03:00:00,8.16,14.86,9
2022-04-13 03:30:00,7.96,14.8,9
2022-04-13 04:00:00,8.15,14.88,9
2022-04-13 04:30:00,8.21,14.88,9
2022-04-13 05:00:00,8.35,14.92,9
2022-04-13 05:30:00,8.4,14.94,9
2022-04-13 06:00:00,8.49,14.98,9
2022-04-13 06:30:00,8.25,14.9,9
2022-04-13 07:00:00,8.22,14.9,9
2022-04-13 07:30:00,8.19,14.9,9
2022-04-13 08:00:00,8.21,14.9,9
2022-04-13 08:30:00,8.21,14.9,9
2022-04-13 09:00:00,8.24,14.9,9
2022-04-13 09:30:00,8.16,14.88,9
2022-04-13 10:00:00,8.27,14.9,9
2022-04-13 10:30:00,8.28,14.92,9
2022-04-13 11:00:00,8.37,14.94,9
2022-04-13 11:30:00,8.14,14.86,9
2022-04-13 12:00:00,8.2,14.88,9
2022-04-13 12:30:00,8.16,14.88,9
2022-04-13 13:00:00,8.13,14.84,9
2022-04-13 13:30:00,8.34,14.92,9
2022-04-13 14:00:00,8.26,14.92,9
2022-04-13 14:30:00,8.07,14.9,9
2022-04-13 15:00:00,8.12,14.86,9
2022-04-13 15:30:00,8.11,14.88,9
2022-04-13 16:00:00,8.17,14.88,9
2022-04-13 16:30:00,8.29,14.88,9
2022-04-13 17:00:00,7.91,14.84,9
2022-04-13 17:30:00,8.42,14.94,9
2022-04-13 18:00:00,8.02,14.86,9
2022-04-13 18:30:00,8.18,14.9,9
2022-04-13 19:00:00,8.15,14.9,9
2022-04-13 19:30:00,8.12,14.84,9
2022-04-13 20:00:00,8.42,14.9,9
2022-04-13 20:30:00,7.87,14.8,9
2022-04-13 21:00:00,8.35,14.96,9
2022-04-13 21:30:00,8.22,14.9,9
2022-04-13 22:00:00,8.45,14.98,9
2022-04-13 22:30:00,8.62,15.02,9
2022-04-13 23:00:00,8.73,15.1,9
2022-04-13 23:30:00,8.44,15.04,9
2022-04-14,8,14.92,9
2022-04-14 00:30:00,7.94,14.82,9
2022-04-14 01:00:00,8,14.82,9
2022-04-14 01:30:00,8.05,14.84,9
2022-04-14 02:00:00,8.01,14.82,9
2022-04-14 02:30:00,8.08,14.88,9
2022-04-14 03:00:00,7.89,14.82,9
2022-04-14 03:30:00,7.95,14.84,9
2022-04-14 04:00:00,7.98,14.84,9
2022-04-14 04:30:00,8.13,14.86,9
2022-04-14 05:00:00,8.24,14.9,9
2022-04-14 05:30:00,8.2,14.9,9
2022-04-14 06:00:00,8.22,14.9,9
2022-04-14 06:30:00,8.41,14.94,9
2022-04-14 07:00:00,8.19,14.92,9
2022-04-14 07:30:00,8.02,14.86,9
2022-04-14 08:00:00,8.11,14.86,9
2022-04-14 08:30:00,8.34,14.94,9
2022-04-14 09:00:00,8.51,15.02,9
2022-04-14 09:30:00,8.07,14.88,9
2022-04-14 10:00:00,7.98,14.86,9
2022-04-14 10:30:00,7.82,14.82,9
2022-04-14 11:00:00,7.26,14.52,9
2022-04-14 11:30:00,7.55,14.58,9
2022-04-14 12:00:00,7.56,14.64,9
2022-04-14 12:30:00,7.74,14.72,9
2022-04-14 13:00:00,7.8,14.74,9
2022-04-14 13:30:00,8.07,14.82,9
2022-04-14 14:00:00,8,14.88,9
2022-04-14 14:30:00,7.17,14.64,9
2022-04-14 15:00:00,7.44,14.54,9
2022-04-14 15:30:00,7.63,14.64,9
2022-04-14 16:00:00,7.66,14.66,9
2022-04-14 16:30:00,7.2,14.52,9
2022-04-14 17:00:00,7.35,14.46,9
2022-04-14 17:30:00,7.65,14.6,9
2022-04-14 18:00:00,7.49,14.66,9
2022-04-14 18:30:00,7.56,14.74,9
2022-04-14 19:00:00,7.69,14.7,9
2022-04-14 19:30:00,7.62,14.7,9
2022-04-14 20:00:00,7.67,14.72,9
2022-04-14 20:30:00,7.97,14.8,9
2022-04-14 21:00:00,7.87,14.8,9
2022-04-14 21:30:00,7.7,14.72,9
2022-04-14 22:00:00,7.7,14.78,9
2022-04-14 22:30:00,7.84,14.8,9
2022-04-14 23:00:00,7.67,14.74,9
2022-04-14 23:30:00,7.73,14.76,9
2022-04-15,7.6,14.68,9
2022-04-15 00:30:00,7.42,14.62,9
2022-04-15 01:00:00,7.66,14.66,9
2022-04-15 01:30:00,7.39,14.6,9
2022-04-15 02:00:00,7.36,14.56,9
2022-04-15 02:30:00,7.31,14.48,9
2022-04-15 03:00:00,7.47,14.62,9
2022-04-15 03:30:00,7.7,14.76,9
2022-04-15 04:00:00,7.84,14.76,9
2022-04-15 04:30:00,8.03,14.86,9
2022-04-15 05:00:00,7.78,14.78,9
2022-04-15 05:30:00,7.75,14.76,9
2022-04-15 06:00:00,7.54,14.7,9
2022-04-15 06:30:00,7.55,14.6,9
2022-04-15 07:00:00,7.59,14.7,9
2022-04-15 07:30:00,7.71,14.72,9
2022-04-15 08:00:00,7.53,14.7,9
2022-04-15 08:30:00,7.8,14.8,9
2022-04-15 09:00:00,7.56,14.72,9
2022-04-15 09:30:00,7.64,14.74,9
2022-04-15 10:00:00,7.34,14.62,9
2022-04-15 10:30:00,7.37,14.68,9
2022-04-15 11:00:00,7.31,14.58,9
2022-04-15 11:30:00,7.32,14.46,9
2022-04-15 12:00:00,7.27,14.48,9
2022-04-15 12:30:00,7.46,14.6,9
2022-04-15 13:00:00,7.49,14.56,9
2022-04-15 13:30:00,7.37,14.58,9
2022-04-15 14:00:00,7.2,14.44,9
2022-04-15 14:30:00,7.37,14.5,9
2022-04-15 15:00:00,7.53,14.56,9
2022-04-15 15:30:00,7.45,14.54,9
2022-04-15 16:00:00,7.42,14.52,9
2022-04-15 16:30:00,7.5,14.66,9
2022-04-15 17:00:00,7.17,14.44,9
2022-04-15 17:30:00,7.2,14.46,9
2022-04-15 18:00:00,7.15,14.46,9
2022-04-15 18:30:00,7.12,14.44,9
2022-04-15 19:00:00,7.2,14.46,9
2022-04-15 19:30:00,7.21,14.48,9
2022-04-15 20:00:00,7.32,14.54,9
2022-04-15 20:30:00,7.26,14.5,9
2022-04-15 21:00:00,7.16,14.46,9
2022-04-15 21:30:00,7.22,14.5,9
2022-04-15 22:00:00,7.23,14.52,9
2022-04-15 22:30:00,7.16,14.5,9
2022-04-15 23:00:00,7.34,14.58,9
2022-04-15 23:30:00,7.3,14.6,9
2022-04-16,7.28,14.64,9
2022-04-16 00:30:00,7.39,14.64,9
2022-04-16 01:00:00,7.31,14.62,9
2022-04-16 01:30:00,7.39,14.66,9
2022-04-16 02:00:00,7.4,14.68,9
2022-04-16 02:30:00,7.49,14.7,9
2022-04-16 03:00:00,7.56,14.7,9
2022-04-16 03:30:00,7.52,14.68,9
2022-04-16 04:00:00,7.53,14.7,9
2022-04-16 04:30:00,7.46,14.72,9
2022-04-16 05:00:00,7.61,14.78,9
2022-04-16 05:30:00,7.66,14.76,9
2022-04-16 06:00:00,7.5,14.7,9
2022-04-16 06:30:00,7.64,14.74,9
2022-04-16 07:00:00,7.59,14.78,9
2022-04-16 07:30:00,7.67,14.8,9
2022-04-16 08:00:00,7.59,14.8,9
2022-04-16 08:30:00,7.61,14.82,9
2022-04-16 09:00:00,7.63,14.8,9
2022-04-16 09:30:00,7.49,14.72,9
2022-04-16 10:00:00,7.5,14.72,9
2022-04-16 10:30:00,7.5,14.76,9
2022-04-16 11:00:00,7.43,14.72,9
2022-04-16 11:30:00,7.38,14.68,9
2022-04-16 12:00:00,7.39,14.68,9
2022-04-16 12:30:00,7.38,14.68,9
2022-04-16 13:00:00,7.38,14.68,9
2022-04-16 13:30:00,7.33,14.66,9
2022-04-16 14:00:00,7.29,14.66,9
2022-04-16 14:30:00,7.31,14.64,9
2022-04-16 15:00:00,7.34,14.66,9
2022-04-16 15:30:00,7.23,14.62,9
2022-04-16 16:00:00,7.31,14.62,9
2022-04-16 16:30:00,7.27,14.66,9
2022-04-16 17:00:00,7.41,14.7,9
2022-04-16 17:30:00,7.37,14.72,9
2022-04-16 18:00:00,7.34,14.7,9
2022-04-16 18:30:00,7.28,14.7,9
2022-04-16 19:00:00,7.29,14.7,9
2022-04-16 19:30:00,7.43,14.7,9
2022-04-16 20:00:00,7.45,14.72,9
2022-04-16 20:30:00,7.47,14.74,9
2022-04-16 21:00:00,7.44,14.76,9
2022-04-16 21:30:00,7.43,14.76,9
2022-04-16 22:00:00,7.46,14.78,9
2022-04-16 22:30:00,7.49,14.8,9
2022-04-16 23:00:00,7.47,14.78,9
2022-04-16 23:30:00,7.52,14.78,9
2022-04-17,7.59,14.8,9
2022-04-17 00:30:00,7.67,14.86,9
2022-04-17 01:00:00,7.66,14.84,9
2022-04-17 01:30:00,7.63,14.82,9
2022-04-17 02:00:00,7.65,14.84,9
2022-04-17 02:30:00,7.85,14.94,9
2022-04-17 03:00:00,7.63,14.84,9
2022-04-17 03:30:00,7.78,14.92,9
2022-04-17 04:00:00,7.74,14.88,9
2022-04-17 04:30:00,7.87,14.9,9
2022-04-17 05:00:00,7.9,14.96,9
2022-04-17 05:30:00,7.78,14.96,9
2022-04-17 06:00:00,7.75,14.96,9
2022-04-17 06:30:00,7.87,15,9
2022-04-17 07:00:00,7.85,14.96,9
2022-04-17 07:30:00,7.65,14.88,9
2022-04-17 08:00:00,7.64,14.9,9
2022-04-17 08:30:00,7.52,14.84,9
2022-04-17 09:00:00,7.26,14.76,9
2022-04-17 09:30:00,7.3,14.76,9
2022-04-17 10:00:00,7.33,14.76,9
2022-04-17 10:30:00,7.44,14.8,9
2022-04-17 11:00:00,7.58,14.86,9
2022-04-17 11:30:00,7.49,14.82,9
2022-04-17 12:00:00,7.35,14.76,9
2022-04-17 12:30:00,7.38,14.78,9
2022-04-17 13:00:00,7.26,14.72,9
2022-04-17 13:30:00,7.31,14.7,9
2022-04-17 14:00:00,7.37,14.74,9
2022-04-17 14:30:00,7.25,14.66,9
2022-04-17 15:00:00,7.39,14.72,9
2022-04-17 15:30:00,7.41,14.76,9
2022-04-17 16:00:00,7.53,14.8,9
2022-04-17 16:30:00,7.42,14.78,9
2022-04-17 17:00:00,7.42,14.76,9
2022-04-17 17:30:00,7.33,14.72,9
2022-04-17 18:00:00,7.33,14.72,9
2022-04-17 18:30:00,7.33,14.72,9
2022-04-17 19:00:00,7.34,14.8,9
2022-04-17 19:30:00,7.22,14.7,9
2022-04-17 20:00:00,7.5,14.82,9
2022-04-17 20:30:00,7.27,14.74,9
2022-04-17 21:00:00,7.23,14.72,9
2022-04-17 21:30:00,7.28,14.72,9
2022-04-17 22:00:00,7.18,14.68,9
2022-04-17 22:30:00,7.22,14.74,9
2022-04-17 23:00:00,7.31,14.78,9
2022-04-17 23:30:00,7.32,14.78,9
2022-04-18,7.4,14.78,9
2022-04-18 00:30:00,7.4,14.76,9
2022-04-18 01:00:00,7.34,14.76,9
2022-04-18 01:30:00,7.28,14.76,9
2022-04-18 02:00:00,7.41,14.78,9
2022-04-18 02:30:00,7.31,14.8,9
2022-04-18 03:00:00,7.43,14.8,9
2022-04-18 03:30:00,7.4,14.8,9
2022-04-18 04:00:00,7.48,14.82,9
2022-04-18 04:30:00,7.54,14.84,9
2022-04-18 05:00:00,7.54,14.86,9
2022-04-18 05:30:00,7.57,14.86,9
2022-04-18 06:00:00,7.63,14.9,9
2022-04-18 06:30:00,7.41,14.82,9
2022-04-18 07:00:00,7.57,14.88,9
2022-04-18 07:30:00,7.45,14.86,9
2022-04-18 08:00:00,7.29,14.8,9
2022-04-18 08:30:00,7.26,14.76,9
2022-04-18 09:00:00,7.25,14.78,9
2022-04-18 09:30:00,7.36,14.82,9
2022-04-18 10:00:00,7.49,14.86,9
2022-04-18 10:30:00,7.54,14.88,9
2022-04-18 11:00:00,7.41,14.86,9
2022-04-18 11:30:00,7.5,14.84,9
2022-04-18 12:00:00,7.44,14.82,9
2022-04-18 12:30:00,7.48,14.84,9
2022-04-18 13:00:00,7.38,14.78,9
2022-04-18 13:30:00,7.41,14.8,9
2022-04-18 14:00:00,7.39,14.78,9
2022-04-18 14:30:00,7.4,14.8,9
2022-04-18 15:00:00,7.42,14.88,9
2022-04-18 15:30:00,7.32,14.78,9
2022-04-18 16:00:00,7.37,14.76,9
2022-04-18 16:30:00,7.14,14.66,9
2022-04-18 17:00:00,7.12,14.66,9
2022-04-18 17:30:00,7.05,14.6,9
2022-04-18 18:00:00,7.25,14.68,9
2022-04-18 18:30:00,7.21,14.74,9
2022-04-18 19:00:00,7.27,14.74,9
2022-04-18 19:30:00,7.34,14.76,9
2022-04-18 20:00:00,7.41,14.8,9
2022-04-18 20:30:00,7.42,14.8,9
2022-04-18 21:00:00,7.42,14.84,9
2022-04-18 21:30:00,7.42,14.86,9
2022-04-18 22:00:00,7.39,14.86,9
2022-04-18 22:30:00,7.32,14.82,9
2022-04-18 23:00:00,7.34,14.82,9
2022-04-18 23:30:00,7.3,14.8,9
2022-04-19,7.37,14.8,9
2022-04-19 00:30:00,7.3,14.8,9
2022-04-19 01:00:00,7.54,14.82,9
2022-04-19 01:30:00,7.65,14.9,9
2022-04-19 02:00:00,7.78,14.98,9
2022-04-19 02:30:00,7.83,15,9
2022-04-19 03:00:00,7.78,15.04,9
2022-04-19 03:30:00,7.74,15.04,9
2022-04-19 04:00:00,7.58,14.92,9
2022-04-19 04:30:00,7.65,14.98,9
2022-04-19 05:00:00,7.7,15,9
2022-04-19 05:30:00,7.66,15.02,9
2022-04-19 06:00:00,7.63,14.96,9
2022-04-19 06:30:00,7.56,14.96,9
2022-04-19 07:00:00,7.58,15.02,9
2022-04-19 07:30:00,7.8,15.12,9
2022-04-19 08:00:00,7.67,15.12,9
2022-04-19 08:30:00,7.78,15.14,9
2022-04-19 09:00:00,7.67,15.12,9
2022-04-19 09:30:00,7.72,15.14,9
2022-04-19 10:00:00,7.74,15.18,9
2022-04-19 10:30:00,7.68,15.14,9
2022-04-19 11:00:00,7.7,15.1,9
2022-04-19 11:30:00,7.63,15.04,9
2022-04-19 12:00:00,7.58,15.08,9
2022-04-19 12:30:00,7.48,14.98,9
2022-04-19 13:00:00,7.23,14.9,9
2022-04-19 13:30:00,7.23,14.82,9
2022-04-19 14:00:00,7.26,14.8,9
2022-04-19 14:30:00,7.32,14.84,9
2022-04-19 15:00:00,7.29,14.76,9
2022-04-19 15:30:00,7.09,14.82,9
2022-04-19 16:00:00,7.09,14.64,9
2022-04-19 16:30:00,7.03,14.58,9
2022-04-19 17:00:00,7.19,14.7,9
2022-04-19 17:30:00,7.17,14.7,9
2022-04-19 18:00:00,7.31,14.88,9
2022-04-19 18:30:00,7.3,14.82,9
2022-04-19 19:00:00,7.43,14.9,9
2022-04-19 19:30:00,7.64,15.02,9
2022-04-19 20:00:00,7.33,14.84,9
2022-04-19 20:30:00,7.44,14.9,9
2022-04-19 21:00:00,7.31,14.9,9
2022-04-19 21:30:00,7.53,14.94,9
2022-04-19 22:00:00,7.57,15.04,9
2022-04-19 22:30:00,7.68,15.06,9
2022-04-19 23:00:00,7.69,15.06,9
2022-04-19 23:30:00,7.59,15.04,9
2022-04-12,4.57,12.52,19
2022-04-12 00:30:00,4.91,12.52,19
2022-04-12 01:00:00,4.97,12.52,19
2022-04-12 01:30:00,4.96,12.6,19
2022-04-12 02:00:00,4.7,12.44,19
2022-04-12 02:30:00,4.44,12.36,19
2022-04-12 03:00:00,4.49,12.38,19
2022-04-12 03:30:00,4.93,12.44,19
2022-04-12 04:00:00,4.66,12.44,19
2022-04-12 04:30:00,4.83,12.44,19
2022-04-12 05:00:00,4.68,12.42,19
2022-04-12 05:30:00,4.71,12.4,19
2022-04-12 06:00:00,4.61,12.28,19
2022-04-12 06:30:00,4.26,12.28,19
2022-04-12 07:00:00,4.36,12.38,19
2022-04-12 07:30:00,4.14,12.26,19
2022-04-12 08:00:00,4.33,12.28,19
2022-04-12 08:30:00,4.29,12.32,19
2022-04-12 09:00:00,4.25,12.3,19
2022-04-12 09:30:00,3.98,12.26,19
2022-04-12 10:00:00,3.98,12.24,19
2022-04-12 10:30:00,3.86,12.2,19
2022-04-12 11:00:00,3.91,12.22,19
2022-04-12 11:30:00,3.83,12.2,19
2022-04-12 12:00:00,3.92,12.18,19
2022-04-12 12:30:00,3.94,12.16,19
2022-04-12 13:00:00,3.98,12.22,19
2022-04-12 13:30:00,4.03,12.24,19
2022-04-12 14:00:00,4.08,12.24,19
2022-04-12 14:30:00,4.1,12.26,19
2022-04-12 15:00:00,3.88,12.22,19
2022-04-12 15:30:00,3.78,12.18,19
2022-04-12 16:00:00,3.29,12.04,19
2022-04-12 16:30:00,3.45,12.02,19
2022-04-12 17:00:00,3.8,12.1,19
2022-04-12 17:30:00,4.12,12.16,19
2022-04-12 18:00:00,4.1,12.24,19
2022-04-12 18:30:00,3.51,12.2,19
2022-04-12 19:00:00,3.38,12.18,19
2022-04-12 19:30:00,3.56,12.22,19
2022-04-12 20:00:00,3.57,12.24,19
2022-04-12 20:30:00,3.89,12.3,19
2022-04-12 21:00:00,3.35,12.18,19
2022-04-12 21:30:00,3.15,12.14,19
2022-04-12 22:00:00,3.9,12.24,19
2022-04-12 22:30:00,4.25,12.34,19
2022-04-12 23:00:00,3.9,12.28,19
2022-04-12 23:30:00,3.8,12.26,19
2022-04-13,3.85,12.24,19
2022-04-13 00:30:00,3.77,12.26,19
2022-04-13 01:00:00,3.83,12.28,19
2022-04-13 01:30:00,3.95,12.28,19
2022-04-13 02:00:00,3.77,12.32,19
2022-04-13 02:30:00,3.63,12.34,19
2022-04-13 03:00:00,3.86,12.36,19
2022-04-13 03:30:00,3.52,12.36,19
2022-04-13 04:00:00,3.86,12.32,19
2022-04-13 04:30:00,3.81,12.28,19
2022-04-13 05:00:00,3.93,12.3,19
2022-04-13 05:30:00,3.86,12.32,19
2022-04-13 06:00:00,3.9,12.36,19
2022-04-13 06:30:00,4.51,12.36,19
2022-04-13 07:00:00,4.68,12.38,19
2022-04-13 07:30:00,5.1,12.42,19
2022-04-13 08:00:00,4.88,12.42,19
2022-04-13 08:30:00,4.51,12.36,19
2022-04-13 09:00:00,4.33,12.32,19
2022-04-13 09:30:00,4.42,12.26,19
2022-04-13 10:00:00,4.11,12.24,19
2022-04-13 10:30:00,4.28,12.3,19
2022-04-13 11:00:00,4.13,12.28,19
2022-04-13 11:30:00,4.12,12.26,19
2022-04-13 12:00:00,4.2,12.28,19
2022-04-13 12:30:00,4.25,12.3,19
2022-04-13 13:00:00,4.05,12.3,19
2022-04-13 13:30:00,4.12,12.28,19
2022-04-13 14:00:00,4.07,12.28,19
2022-04-13 14:30:00,4.07,12.26,19
2022-04-13 15:00:00,4.17,12.3,19
2022-04-13 15:30:00,4.23,12.38,19
2022-04-13 16:00:00,4.72,12.38,19
2022-04-13 16:30:00,4.19,12.28,19
2022-04-13 17:00:00,3.69,12.32,19
2022-04-13 17:30:00,3.61,12.3,19
2022-04-13 18:00:00,3.89,12.36,19
2022-04-13 18:30:00,4.14,12.42,19
2022-04-13 19:00:00,4.03,12.42,19
2022-04-13 19:30:00,3.69,12.32,19
2022-04-13 20:00:00,4.1,12.4,19
2022-04-13 20:30:00,3.82,12.32,19
2022-04-13 21:00:00,3.62,12.3,19
2022-04-13 21:30:00,3.89,12.32,19
2022-04-13 22:00:00,4.19,12.3,19
2022-04-13 22:30:00,3.89,12.22,19
2022-04-13 23:00:00,3.4,12.2,19
2022-04-13 23:30:00,3.39,12.2,19
2022-04-14,3.97,12.22,19
2022-04-14 00:30:00,3.96,12.26,19
2022-04-14 01:00:00,3.83,12.22,19
2022-04-14 01:30:00,3.69,12.24,19
2022-04-14 02:00:00,3.56,12.3,19
2022-04-14 02:30:00,3.7,12.3,19
2022-04-14 03:00:00,4.15,12.38,19
2022-04-14 03:30:00,4.17,12.4,19
2022-04-14 04:00:00,3.96,12.36,19
2022-04-14 04:30:00,3.51,12.28,19
2022-04-14 05:00:00,4,12.32,19
2022-04-14 05:30:00,4.29,12.34,19
2022-04-14 06:00:00,4.25,12.36,19
2022-04-14 06:30:00,3.68,12.28,19
2022-04-14 07:00:00,3.57,12.3,19
2022-04-14 07:30:00,3.69,12.3,19
2022-04-14 08:00:00,3.68,12.3,19
2022-04-14 08:30:00,4.19,12.34,19
2022-04-14 09:00:00,3.71,12.34,19
2022-04-14 09:30:00,4.14,12.32,19
2022-04-14 10:00:00,4.13,12.32,19
2022-04-14 10:30:00,4.2,12.36,19
2022-04-14 11:00:00,4.07,12.32,19
2022-04-14 11:30:00,3.91,12.26,19
2022-04-14 12:00:00,3.72,12.22,19
2022-04-14 12:30:00,3.68,12.18,19
2022-04-14 13:00:00,3.74,12.2,19
2022-04-14 13:30:00,4.06,12.24,19
2022-04-14 14:00:00,4.1,12.28,19
2022-04-14 14:30:00,3.99,12.26,19
2022-04-14 15:00:00,3.8,12.22,19
2022-04-14 15:30:00,3.86,12.22,19
2022-04-14 16:00:00,3.57,12.26,19
2022-04-14 16:30:00,3.49,12.32,19
2022-04-14 17:00:00,3.71,12.3,19
2022-04-14 17:30:00,3.99,12.38,19
2022-04-14 18:00:00,4.5,12.5,19
2022-04-14 18:30:00,4.12,12.46,19
2022-04-14 19:00:00,4.38,12.46,19
2022-04-14 19:30:00,4.21,12.52,19
2022-04-14 20:00:00,4.28,12.5,19
2022-04-14 20:30:00,3.95,12.46,19
2022-04-14 21:00:00,4.17,12.44,19
2022-04-14 21:30:00,4.16,12.44,19
2022-04-14 22:00:00,4.04,12.4,19
2022-04-14 22:30:00,4.31,12.38,19
2022-04-14 23:00:00,4.07,12.38,19
2022-04-14 23:30:00,3.44,12.22,19
2022-04-15,3.18,12.2,19
2022-04-15 00:30:00,3.69,12.3,19
2022-04-15 01:00:00,3.98,12.3,19
2022-04-15 01:30:00,3.86,12.3,19
2022-04-15 02:00:00,3.92,12.28,19
2022-04-15 02:30:00,4.14,12.32,19
2022-04-15 03:00:00,4.11,12.34,19
2022-04-15 03:30:00,3.99,12.3,19
2022-04-15 04:00:00,3.89,12.28,19
2022-04-15 04:30:00,3.91,12.3,19
2022-04-15 05:00:00,3.9,12.34,19
2022-04-15 05:30:00,3.91,12.36,19
2022-04-15 06:00:00,4.02,12.32,19
2022-04-15 06:30:00,3.96,12.28,19
2022-04-15 07:00:00,3.74,12.28,19
2022-04-15 07:30:00,3.58,12.22,19
2022-04-15 08:00:00,3.31,12.12,19
2022-04-15 08:30:00,3.6,12.26,19
2022-04-15 09:00:00,3.52,12.24,19
2022-04-15 09:30:00,3.76,12.24,19
2022-04-15 10:00:00,3.65,12.22,19
2022-04-15 10:30:00,3.51,12.14,19
2022-04-15 11:00:00,3.63,12.2,19
2022-04-15 11:30:00,3.71,12.2,19
2022-04-15 12:00:00,3.77,12.2,19
2022-04-15 12:30:00,3.69,12.2,19
2022-04-15 13:00:00,3.87,12.24,19
2022-04-15 13:30:00,3.85,12.24,19
2022-04-15 14:00:00,3.58,12.24,19
2022-04-15 14:30:00,3.26,12.2,19
2022-04-15 15:00:00,3.74,12.24,19
2022-04-15 15:30:00,3.77,12.22,19
2022-04-15 16:00:00,3.86,12.32,19
2022-04-15 16:30:00,3.83,12.38,19
2022-04-15 17:00:00,3.79,12.36,19
2022-04-15 17:30:00,3.78,12.36,19
2022-04-15 18:00:00,3.91,12.34,19
2022-04-15 18:30:00,3.86,12.32,19
2022-04-15 19:00:00,3.95,12.3,19
2022-04-15 19:30:00,3.98,12.32,19
2022-04-15 20:00:00,3.89,12.3,19
2022-04-15 20:30:00,3.89,12.3,19
2022-04-15 21:00:00,4.07,12.3,19
2022-04-15 21:30:00,4.06,12.28,19
2022-04-15 22:00:00,4.13,12.34,19
2022-04-15 22:30:00,4.12,12.34,19
2022-04-15 23:00:00,4.09,12.34,19
2022-04-15 23:30:00,4.24,12.4,19
2022-04-16,4.11,12.4,19
2022-04-16 00:30:00,4.04,12.38,19
2022-04-16 01:00:00,4,12.36,19
2022-04-16 01:30:00,4.06,12.34,19
2022-04-16 02:00:00,4.24,12.36,19
2022-04-16 02:30:00,4.21,12.34,19
2022-04-16 03:00:00,4.19,12.34,19
2022-04-16 03:30:00,4.13,12.32,19
2022-04-16 04:00:00,4.11,12.34,19
2022-04-16 04:30:00,4.11,12.34,19
2022-04-16 05:00:00,4.14,12.32,19
2022-04-16 05:30:00,4.13,12.32,19
2022-04-16 06:00:00,4.16,12.32,19
2022-04-16 06:30:00,4.16,12.34,19
2022-04-16 07:00:00,4.15,12.34,19
2022-04-16 07:30:00,4.12,12.34,19
2022-04-16 08:00:00,4.24,12.4,19
2022-04-16 08:30:00,4.13,12.36,19
2022-04-16 09:00:00,4,12.32,19
2022-04-16 09:30:00,4.09,12.32,19
2022-04-16 10:00:00,4.17,12.36,19
2022-04-16 10:30:00,3.99,12.32,19
2022-04-16 11:00:00,4.15,12.28,19
2022-04-16 11:30:00,3.74,12.24,19
2022-04-16 12:00:00,3.76,12.24,19
2022-04-16 12:30:00,4.15,12.32,19
2022-04-16 13:00:00,4.09,12.34,19
2022-04-16 13:30:00,3.98,12.34,19
2022-04-16 14:00:00,3.71,12.26,19
2022-04-16 14:30:00,4.08,12.3,19
2022-04-16 15:00:00,3.87,12.28,19
2022-04-16 15:30:00,4.28,12.36,19
2022-04-16 16:00:00,3.82,12.3,19
2022-04-16 16:30:00,3.93,12.28,19
2022-04-16 17:00:00,3.91,12.32,19
2022-04-16 17:30:00,3.98,12.36,19
2022-04-16 18:00:00,3.95,12.34,19
2022-04-16 18:30:00,4.04,12.34,19
2022-04-16 19:00:00,4.11,12.34,19
2022-04-16 19:30:00,4.29,12.32,19
2022-04-16 20:00:00,4.27,12.32,19
2022-04-16 20:30:00,4.07,12.32,19
2022-04-16 21:00:00,4.17,12.32,19
2022-04-16 21:30:00,4.21,12.32,19
2022-04-16 22:00:00,4.16,12.32,19
2022-04-16 22:30:00,3.92,12.3,19
2022-04-16 23:00:00,4.24,12.32,19
2022-04-16 23:30:00,4.25,12.34,19
2022-04-17,4.23,12.34,19
2022-04-17 00:30:00,4.22,12.34,19
2022-04-17 01:00:00,4.13,12.36,19
2022-04-17 01:30:00,4.08,12.4,19
2022-04-17 02:00:00,4.04,12.34,19
2022-04-17 02:30:00,4.08,12.36,19
2022-04-17 03:00:00,4.09,12.36,19
2022-04-17 03:30:00,4.2,12.42,19
2022-04-17 04:00:00,4.21,12.38,19
2022-04-17 04:30:00,4.11,12.4,19
2022-04-17 05:00:00,4.11,12.4,19
2022-04-17 05:30:00,4.08,12.34,19
2022-04-17 06:00:00,3.76,12.28,19
2022-04-17 06:30:00,3.81,12.3,19
2022-04-17 07:00:00,4.07,12.3,19
2022-04-17 07:30:00,4.32,12.38,19
2022-04-17 08:00:00,3.98,12.36,19
2022-04-17 08:30:00,3.77,12.32,19
2022-04-17 09:00:00,3.94,12.36,19
2022-04-17 09:30:00,4.09,12.38,19
2022-04-17 10:00:00,3.77,12.38,19
2022-04-17 10:30:00,3.69,12.34,19
2022-04-17 11:00:00,3.52,12.28,19
2022-04-17 11:30:00,3.72,12.34,19
2022-04-17 12:00:00,3.8,12.36,19
2022-04-17 12:30:00,3.74,12.36,19
2022-04-17 13:00:00,3.91,12.38,19
2022-04-17 13:30:00,3.39,12.28,19
2022-04-17 14:00:00,3.61,12.32,19
2022-04-17 14:30:00,4.04,12.4,19
2022-04-17 15:00:00,4.12,12.44,19
2022-04-17 15:30:00,4.02,12.4,19
2022-04-17 16:00:00,3.99,12.42,19
2022-04-17 16:30:00,3.64,12.38,19
2022-04-17 17:00:00,3.89,12.4,19
2022-04-17 17:30:00,3.96,12.4,19
2022-04-17 18:00:00,3.89,12.38,19
2022-04-17 18:30:00,3.97,12.38,19
2022-04-17 19:00:00,3.93,12.4,19
2022-04-17 19:30:00,4.03,12.42,19
2022-04-17 20:00:00,4.05,12.42,19
2022-04-17 20:30:00,3.87,12.4,19
2022-04-17 21:00:00,4.15,12.42,19
2022-04-17 21:30:00,4.28,12.48,19
2022-04-17 22:00:00,3.92,12.42,19
2022-04-17 22:30:00,4.25,12.48,19
2022-04-17 23:00:00,4.37,12.52,19
2022-04-17 23:30:00,4.34,12.52,19
2022-04-18,4.5,12.58,19
2022-04-18 00:30:00,4.43,12.58,19
2022-04-18 01:00:00,4.41,12.58,19
2022-04-18 01:30:00,4.41,12.58,19
2022-04-18 02:00:00,4.3,12.56,19
2022-04-18 02:30:00,4.24,12.54,19
2022-04-18 03:00:00,4.15,12.5,19
2022-04-18 03:30:00,4.28,12.54,19
2022-04-18 04:00:00,4.27,12.54,19
2022-04-18 04:30:00,4.25,12.54,19
2022-04-18 05:00:00,4.19,12.48,19
2022-04-18 05:30:00,4.24,12.48,19
2022-04-18 06:00:00,4.29,12.54,19
2022-04-18 06:30:00,4.2,12.5,19
2022-04-18 07:00:00,4.16,12.48,19
2022-04-18 07:30:00,4.27,12.48,19
2022-04-18 08:00:00,4.17,12.48,19
2022-04-18 08:30:00,4.19,12.48,19
2022-04-18 09:00:00,4.19,12.48,19
2022-04-18 09:30:00,4.2,12.46,19
2022-04-18 10:00:00,4.22,12.48,19
2022-04-18 10:30:00,4.13,12.46,19
2022-04-18 11:00:00,4.07,12.44,19
2022-04-18 11:30:00,3.89,12.4,19
2022-04-18 12:00:00,3.92,12.4,19
2022-04-18 12:30:00,3.71,12.4,19
2022-04-18 13:00:00,3.64,12.38,19
2022-04-18 13:30:00,3.76,12.38,19
2022-04-18 14:00:00,4,12.4,19
2022-04-18 14:30:00,3.86,12.36,19
2022-04-18 15:00:00,3.09,12.28,19
2022-04-18 15:30:00,3.65,12.3,19
2022-04-18 16:00:00,3.38,12.34,19
2022-04-18 16:30:00,3.95,12.36,19
2022-04-18 17:00:00,3.54,12.38,19
2022-04-18 17:30:00,3.56,12.4,19
2022-04-18 18:00:00,3.4,12.32,19
2022-04-18 18:30:00,3.53,12.36,19
2022-04-18 19:00:00,3.79,12.4,19
2022-04-18 19:30:00,3.78,12.38,19
2022-04-18 20:00:00,3.8,12.4,19
2022-04-18 20:30:00,3.44,12.34,19
2022-04-18 21:00:00,3.62,12.4,19
2022-04-18 21:30:00,4.06,12.44,19
2022-04-18 22:00:00,3.31,12.36,19
2022-04-18 22:30:00,3.53,12.36,19
2022-04-18 23:00:00,3.23,12.36,19
2022-04-18 23:30:00,3.46,12.38,19
2022-04-19,3.92,12.44,19
2022-04-19 00:30:00,3.74,12.44,19
2022-04-19 01:00:00,3.43,12.46,19
2022-04-19 01:30:00,3.55,12.46,19
2022-04-19 02:00:00,3.9,12.52,19
2022-04-19 02:30:00,3.97,12.6,19
2022-04-19 03:00:00,4.15,12.64,19
2022-04-19 03:30:00,4.21,12.66,19
2022-04-19 04:00:00,3.81,12.5,19
2022-04-19 04:30:00,3.58,12.48,19
2022-04-19 05:00:00,3.88,12.4,19
2022-04-19 05:30:00,3.78,12.4,19
2022-04-19 06:00:00,3.92,12.62,19
2022-04-19 06:30:00,4.23,12.58,19
2022-04-19 07:00:00,3.9,12.44,19
2022-04-19 07:30:00,4.16,12.5,19
2022-04-19 08:00:00,4.16,12.54,19
2022-04-19 08:30:00,4.09,12.48,19
2022-04-19 09:00:00,4.3,12.52,19
2022-04-19 09:30:00,3.97,12.44,19
2022-04-19 10:00:00,4.15,12.48,19
2022-04-19 10:30:00,4.21,12.48,19
2022-04-19 11:00:00,4.16,12.42,19
2022-04-19 11:30:00,3.97,12.38,19
2022-04-19 12:00:00,3.95,12.4,19
2022-04-19 12:30:00,3.96,12.4,19
2022-04-19 13:00:00,3.4,12.24,19
2022-04-19 13:30:00,3.38,12.26,19
2022-04-19 14:00:00,2.89,12.2,19
2022-04-19 14:30:00,3.01,12.22,19
2022-04-19 15:00:00,3.01,12.26,19
2022-04-19 15:30:00,3.52,12.24,19
2022-04-19 16:00:00,3.71,12.3,19
2022-04-19 16:30:00,3.66,12.34,19
2022-04-19 17:00:00,2.81,12.34,19
2022-04-19 17:30:00,3.47,12.42,19
2022-04-19 18:00:00,3.42,12.4,19
2022-04-19 18:30:00,3.38,12.4,19
2022-04-19 19:00:00,3.73,12.5,19
2022-04-19 19:30:00,3.74,12.42,19
2022-04-19 20:00:00,3.82,12.44,19
2022-04-19 20:30:00,4.14,12.44,19
2022-04-19 21:00:00,4.13,12.42,19
2022-04-19 21:30:00,3.87,12.44,19
2022-04-19 22:00:00,4.02,12.44,19
2022-04-19 22:30:00,4.22,12.54,19
2022-04-19 23:00:00,4.08,12.54,19
2022-04-19 23:30:00,4.1,12.52,19
