time,raw,time_dom,truth,spectral_hat,spectral_final,spectral_hat_coh,case
2019-06-01T12:00:00Z,1.59942276403606,1.02365114650965,0.669295607614119,1.4469061500233,0.604996552780882,1.59942276403606,metalimnion
2019-06-02T12:00:00Z,1.59942276403606,1.02365114650965,0.669295607614119,1.4469061500233,0.604996552780882,1.59942276403606,metalimnion
2019-06-03T12:00:00Z,1.59942276403606,1.02365114650965,0.669295607614119,1.4469061500233,0.604996552780882,1.59942276403606,metalimnion
2019-06-04T12:00:00Z,1.59942276403606,1.02365114650965,0.669295607614119,1.4469061500233,0.604996552780882,1.59942276403606,metalimnion
2019-06-05T12:00:00Z,1.59942276403606,1.02365114650965,0.669295607614119,1.4469061500233,0.604996552780882,1.59942276403606,metalimnion
2019-06-06T12:00:00Z,1.50621753452801,0.969423305640879,0.677084386775373,1.34673583892338,0.607988739434326,1.50621753452801,metalimnion
2019-06-07T12:00:00Z,1.21769416569323,1.11060977098209,0.724101148983635,1.12914832849337,0.681565048116145,1.21769416569323,metalimnion
2019-06-08T12:00:00Z,1.71090912983011,1.16129085646769,0.683132112073998,1.08830590814413,0.395214558467667,1.71090912983011,metalimnion
2019-06-09T12:00:00Z,2.14446426828297,0.972874018092,0.728507439504433,1.07703382793877,0.364770083426761,2.14446426828297,metalimnion
2019-06-10T12:00:00Z,2.18233043653551,1.04533895551816,0.748192413503376,1.15497093098201,0.730892190344022,2.18233043653551,metalimnion
2019-06-11T12:00:00Z,2.41496323513144,1.1718925129432,0.660593034429328,0.904289961222418,0.44108637872742,2.41496323513144,metalimnion
2019-06-12T12:00:00Z,2.06340901629912,0.841094247328348,0.724778152803357,0.260976622064334,0,0.260976622064334,metalimnion
2019-06-13T12:00:00Z,2.15981303019712,0.651975836110006,0.823207608407488,0.399180570422175,0,0.556209746114585,metalimnion
2019-06-14T12:00:00Z,2.84351395450197,1.05909438539549,0.773502498020466,0.533254375749377,0,1.19946314272511,metalimnion
2019-06-15T12:00:00Z,2.72322946660557,0.80161203789529,0.726759996320449,0.244737424354913,0,0.244737424354913,metalimnion
2019-06-16T12:00:00Z,2.5045561185782,1.19942970351938,0.734006472984291,0.880618066933794,0,2.5045561185782,metalimnion
2019-06-17T12:00:00Z,3.26309356035194,1.71255509852441,0.690193823115482,1.4297710297656,0.724074749096507,3.26309356035194,metalimnion
2019-06-18T12:00:00Z,4.71609749536269,0.937565852685875,0.662339202917564,0.809040013450246,0,1.39550985180779,metalimnion
2019-06-19T12:00:00Z,4.27496654456401,1.31429458897285,0.686591528059325,1.26878411984542,0.584371231155459,2.10556131803628,metalimnion
2019-06-20T12:00:00Z,4.63262003143451,1.45396167028543,0.683426842708833,1.35371477781139,0.579402787198285,2.32055053921005,metalimnion
2019-06-21T12:00:00Z,5.22294148258195,1.33165206948938,0.606317079546185,1.40589603228909,0.620435677612458,4.47057453591625,metalimnion
2019-06-22T12:00:00Z,4.00843926175914,1.72720348795521,0.533065749081506,1.65485055557659,0.832538805561826,4.00843926175914,metalimnion
2019-06-23T12:00:00Z,4.81611610021706,1.14649329974955,0.57566026103739,1.32347884938666,0.80026036872833,1.93865398789987,metalimnion
2019-06-24T12:00:00Z,4.60570323248971,0.823758469968412,0.553397727659058,1.35506577701651,0.780181732462193,3.35942913503746,metalimnion
2019-06-25T12:00:00Z,2.81637892689813,0.693809248128647,0.483272403417331,1.09777338662325,0.642686392795548,1.90090365931322,metalimnion
2019-06-26T12:00:00Z,2.98621334675209,0.713450352956474,0.504273539621615,1.20605387118776,0.849663853829907,2.69309711563257,metalimnion
2019-06-27T12:00:00Z,3.37220236140447,0.968872214552574,0.480493769967915,0.921098671170758,0.449276054115687,1.68374855660043,metalimnion
2019-06-28T12:00:00Z,2.91417817672344,0.657071606572601,0.435216713189689,0.824496290471887,0.318542104288833,2.40831369772533,metalimnion
2019-06-29T12:00:00Z,3.40491744704355,0.387296076609971,0.433785265965273,0.779500532585064,0,2.22293726119665,metalimnion
2019-06-30T12:00:00Z,5.38308959449218,0.819036830799788,0.445246780313103,0.716393139124519,0,1.18368220869939,metalimnion
2019-07-01T12:00:00Z,5.20912831851037,1.23457111151204,0.440858401949183,1.09321697632653,0,3.23812560840001,metalimnion
2019-07-02T12:00:00Z,4.474543519939,1.42511953150288,0.416060998393065,1.35763520499892,0,2.94152765014609,metalimnion
2019-07-03T12:00:00Z,5.41052359297983,1.83710093124321,0.419627998817194,1.90521197253908,0.679242927638878,4.92016544034589,metalimnion
2019-07-04T12:00:00Z,3.92440899953487,1.94740665203785,0.39290425291311,2.62672735256769,1.34443937152304,3.92440899953487,metalimnion
2019-07-05T12:00:00Z,3.80300339418506,2.06528446754523,0.381051922047098,2.43259956456527,1.49543763700791,3.80300339418506,metalimnion
2019-07-06T12:00:00Z,4.65507780467602,2.25924880803296,0.452826279994582,2.83860921878638,1.87220812779526,4.65507780467602,metalimnion
2019-07-07T12:00:00Z,2.87765979206678,2.29821902365939,0.451426961778561,2.40422021631653,1.18136915184098,2.87765979206678,metalimnion
2019-07-08T12:00:00Z,1.76760239894257,2.41259823739505,0.446111731666813,1.60013971365211,0.960806140412453,1.76760239894257,metalimnion
2019-07-09T12:00:00Z,2.81745199002976,1.83225512643644,0.48501292269131,1.94938095633189,1.13031989574491,2.81745199002976,metalimnion
2019-07-10T12:00:00Z,4.14756348670509,1.49388610080701,0.469449836085724,1.82698838405401,0.774719556767613,4.14756348670509,metalimnion
2019-07-11T12:00:00Z,4.05755976097823,1.89461653579511,0.543915939952039,1.11235892638432,0,2.71176825089015,metalimnion
2019-07-12T12:00:00Z,3.88932690691465,1.23366972320284,0.631025213091673,0.771950782617213,0,2.03001833170046,metalimnion
2019-07-13T12:00:00Z,3.43661579418177,1.02305836814387,0.67083920222881,0.434336525323194,0,0.667010579585954,metalimnion
2019-07-14T12:00:00Z,3.29816254899812,1.60043107292094,0.733497080345,0.879035135871451,0,0.922282075502356,metalimnion
2019-07-15T12:00:00Z,3.99123613877336,1.31719234653768,0.740922584111832,1.51102011291639,0,3.99123613877336,metalimnion
2019-07-16T12:00:00Z,3.64802339923423,1.23093819415966,0.825061910618303,1.18749520881469,0,3.64802339923423,metalimnion
2019-07-17T12:00:00Z,2.2526131607464,1.20982442608764,0.872340667975299,0.902954691927743,0,1.72012601869016,metalimnion
2019-07-18T12:00:00Z,1.82026178350149,1.14227820826524,0.812833640297077,1.16098250548981,0,1.82026178350149,metalimnion
2019-07-19T12:00:00Z,1.18564292317329,0.725970322533611,0.815115096895825,0.652997308886737,0,1.18564292317329,metalimnion
2019-07-20T12:00:00Z,1.35581552897332,0.892849373718496,0.77667923483351,0.735507367966694,0,1.35581552897332,metalimnion
2019-07-21T12:00:00Z,2.00086727921998,1.14280998930423,0.710129597753742,1.26901608767047,0,1.59377994985662,metalimnion
2019-07-22T12:00:00Z,2.41604619753337,0.460823948590259,0.647489698684298,0.645597182876988,0,1.42792668831139,metalimnion
2019-07-23T12:00:00Z,3.24079181943538,0.747812452126513,0.625426161577887,0.521632728113163,0,0.687105840521429,metalimnion
2019-07-24T12:00:00Z,2.91310190168296,1.26563151040174,0.595759093738612,0.882921498388026,0,1.79214037608897,metalimnion
2019-07-25T12:00:00Z,3.23207864265381,1.48147799619728,0.512775748736531,1.12207411488447,0,1.78544350810503,metalimnion
2019-07-26T12:00:00Z,3.06141506723099,1.92139891268211,0.55163031900076,1.5391297291757,0,3.06141506723099,metalimnion
2019-07-27T12:00:00Z,3.27275752814938,1.82621611856749,0.575884922796816,1.40624556543205,0.670326357026472,3.27275752814938,metalimnion
2019-07-28T12:00:00Z,3.88629911857336,1.7650107679194,0.556630288585446,1.80046920846258,0.908078173546624,3.14387807005111,metalimnion
2019-07-29T12:00:00Z,3.7901635211973,2.35485553428828,0.635068305521671,2.20081570554792,0.915721869422697,3.7901635211973,metalimnion
2019-07-30T12:00:00Z,3.361715952977,2.08961351484971,0.642936453699025,2.04773212874781,1.3495686503538,3.361715952977,metalimnion
2019-07-31T12:00:00Z,2.42456259064037,1.7213330027804,0.59959942136875,1.18057090524787,0,1.84798056711229,metalimnion
2019-08-01T12:00:00Z,2.96375888687534,1.60413067176756,0.611679779963565,1.38019126561904,0,2.09507657374422,metalimnion
2019-08-02T12:00:00Z,2.69972157042816,0.761566852596058,0.592381451563977,1.11766135340236,0.661945651281996,2.69972157042816,metalimnion
2019-08-03T12:00:00Z,2.18946148287046,0.763367730857623,0.584307100284384,0.806323617273071,0,2.18946148287046,metalimnion
2019-08-04T12:00:00Z,2.49964799705073,0.982807263633339,0.585222828559745,1.43623509130795,1.04847087615342,2.49964799705073,metalimnion
2019-08-05T12:00:00Z,1.47562433559825,0.607874138303974,0.505612785741772,1.10275509264421,0.774596011391658,1.47562433559825,metalimnion
2019-08-06T12:00:00Z,1.12601094938719,0.604116472104183,0.429415251166941,0.939216176777941,0.518033713861856,1.12601094938719,metalimnion
2019-08-07T12:00:00Z,1.22868730213394,0.473135440569695,0.382688808684411,0.898391240156812,0.61829710082461,1.22868730213394,metalimnion
2019-08-08T12:00:00Z,0.802486082518929,0.462897868633054,0.326564295658107,0.706114747621965,0.49718407647692,0.802486082518929,metalimnion
2019-08-09T12:00:00Z,0.927404612274577,0.576370647910934,0.311710100498741,0.727675608714544,0.30909139562772,0.927404612274577,metalimnion
2019-08-10T12:00:00Z,0.907594358075118,0.606743130991972,0.32721720939169,0.658464702494484,0.223878962879511,0.907594358075118,metalimnion
2019-08-11T12:00:00Z,1.68098616256377,1.41752495484136,0.320500028451666,1.48548234061236,0.76474422641111,1.68098616256377,metalimnion
2019-08-12T12:00:00Z,2.13901398119689,1.48622724190864,0.307531125956513,1.71833345200682,1.20056352314635,2.13901398119689,metalimnion
2019-08-13T12:00:00Z,1.29177609704752,1.05891248495023,0.291317213239533,1.01194857784381,0.511712620518265,1.29177609704752,metalimnion
2019-08-14T12:00:00Z,1.91937188477942,1.67332660113019,0.318440174437435,1.54362780117465,0.785047609035427,1.91937188477942,metalimnion
2019-08-15T12:00:00Z,1.98846889485108,1.70967321712416,0.325416362193815,1.57096320756016,0.843144715151536,1.98846889485108,metalimnion
2019-08-16T12:00:00Z,1.98846889485108,1.70967321712416,0.325416362193815,1.57096320756016,0.843144715151536,1.98846889485108,metalimnion
2019-08-17T12:00:00Z,1.98846889485108,1.70967321712416,0.325416362193815,1.57096320756016,0.843144715151536,1.98846889485108,metalimnion
2019-08-18T12:00:00Z,1.98846889485108,1.70967321712416,0.325416362193815,1.57096320756016,0.843144715151536,1.98846889485108,metalimnion
2019-08-19T12:00:00Z,1.98846889485108,1.70967321712416,0.325416362193815,1.57096320756016,0.843144715151536,1.98846889485108,metalimnion
2019-06-01T12:00:00Z,10.7956263062837,1.71620461473355,0.669295607614119,1.27519649723982,0,1.27519649723982,metalimnion_strongIW
2019-06-02T12:00:00Z,10.7956263062837,1.71620461473355,0.669295607614119,1.27519649723982,0,1.27519649723982,metalimnion_strongIW
2019-06-03T12:00:00Z,10.7956263062837,1.71620461473355,0.669295607614119,1.27519649723982,0,1.27519649723982,metalimnion_strongIW
2019-06-04T12:00:00Z,10.7956263062837,1.71620461473355,0.669295607614119,1.27519649723982,0,1.27519649723982,metalimnion_strongIW
2019-06-05T12:00:00Z,10.7956263062837,1.71620461473355,0.669295607614119,1.27519649723982,0,1.27519649723982,metalimnion_strongIW
2019-06-06T12:00:00Z,10.1781233884466,1.63392245653237,0.677084386775373,1.1586395742873,0,1.60992414267598,metalimnion_strongIW
2019-06-07T12:00:00Z,7.86764150119072,1.58806516303189,0.724101148983635,0.969150867924782,0,0.969150867924782,metalimnion_strongIW
2019-06-08T12:00:00Z,13.8130119329971,1.65632793630309,0.683132112073998,1.0180377320867,0,1.0180377320867,metalimnion_strongIW
2019-06-09T12:00:00Z,20.4275401793274,1.13274476595998,0.728507439504433,0.977748898921798,0,0.977748898921798,metalimnion_strongIW
2019-06-10T12:00:00Z,23.1037783509964,1.14436755562326,0.748192413503376,1.01639826331462,0.58553886763926,1.01639826331462,metalimnion_strongIW
2019-06-11T12:00:00Z,23.3683638384848,2.16085653073523,0.660593034429328,0.806733903471851,0.341340177133421,0.806733903471851,metalimnion_strongIW
2019-06-12T12:00:00Z,21.1460239619235,2.06561086512456,0.724778152803357,0.170324988927598,0,0.170324988927598,metalimnion_strongIW
2019-06-13T12:00:00Z,21.0877247336271,1.56660085231965,0.823207608407488,0.277744148743569,0,0.277744148743569,metalimnion_strongIW
2019-06-14T12:00:00Z,23.5449001382952,2.25510152562099,0.773502498020466,0.459779620709914,0,0.459779620709914,metalimnion_strongIW
2019-06-15T12:00:00Z,28.7765140166997,2.00727872488627,0.726759996320449,0.170361019195474,0,0.170361019195474,metalimnion_strongIW
2019-06-16T12:00:00Z,22.3086161734227,2.39413100146165,0.734006472984291,0.693659707103186,0,0.693659707103186,metalimnion_strongIW
2019-06-17T12:00:00Z,26.7849620059568,3.07554375157312,0.690193823115482,1.24475562206604,0,1.24475562206604,metalimnion_strongIW
2019-06-18T12:00:00Z,44.482579324669,2.16843196044402,0.662339202917564,0.601416242806546,0,0.601416242806546,metalimnion_strongIW
2019-06-19T12:00:00Z,29.364911728616,1.92131467117688,0.686591528059325,1.08336293898929,0,1.08336293898929,metalimnion_strongIW
2019-06-20T12:00:00Z,35.508793329065,2.1466772705936,0.683426842708833,1.23015870982394,0,1.23015870982394,metalimnion_strongIW
2019-06-21T12:00:00Z,43.7219882120334,2.68362654597667,0.606317079546185,1.19170218876422,0,1.19170218876422,metalimnion_strongIW
2019-06-22T12:00:00Z,29.0064161968263,3.02659749440211,0.533065749081506,1.58013834590966,0.597493993507602,1.58013834590966,metalimnion_strongIW
2019-06-23T12:00:00Z,39.3080671677851,2.33175585914363,0.57566026103739,1.50909458088785,0.746012849524242,1.50909458088785,metalimnion_strongIW
2019-06-24T12:00:00Z,33.605425647566,2.61568856593343,0.553397727659058,1.5172300823393,0.848233337748858,1.5172300823393,metalimnion_strongIW
2019-06-25T12:00:00Z,17.4551480386837,2.48272553208345,0.483272403417331,1.19170234047961,0.619135908165575,1.19170234047961,metalimnion_strongIW
2019-06-26T12:00:00Z,14.9632248884529,2.38611286829502,0.504273539621615,1.19857613362049,0.758861721823346,1.19857613362049,metalimnion_strongIW
2019-06-27T12:00:00Z,17.7302105413299,2.92051153861391,0.480493769967915,0.720551844585448,0,0.720551844585448,metalimnion_strongIW
2019-06-28T12:00:00Z,19.8757727151832,1.93681575800494,0.435216713189689,0.598076081788411,0,0.598076081788411,metalimnion_strongIW
2019-06-29T12:00:00Z,21.9856051586008,1.08907386596063,0.433785265965273,0.759280239069083,0,0.759280239069083,metalimnion_strongIW
2019-06-30T12:00:00Z,26.0647701413268,1.37279348537972,0.445246780313103,0.755917440002701,0,0.755917440002701,metalimnion_strongIW
2019-07-01T12:00:00Z,23.0849665013443,2.41359394679445,0.440858401949183,1.04690027208927,0,1.04690027208927,metalimnion_strongIW
2019-07-02T12:00:00Z,22.409461018958,4.42361897905141,0.416060998393065,1.2766239220753,0,1.2766239220753,metalimnion_strongIW
2019-07-03T12:00:00Z,24.3636580002087,4.33848758933025,0.419627998817194,1.31558061910126,0,1.31558061910126,metalimnion_strongIW
2019-07-04T12:00:00Z,18.8789201582314,3.72424168969419,0.39290425291311,1.78677535113795,0,1.78677535113795,metalimnion_strongIW
2019-07-05T12:00:00Z,15.9250980112107,5.32229463901119,0.381051922047098,1.99688363921916,1.13555529231427,1.99688363921916,metalimnion_strongIW
2019-07-06T12:00:00Z,18.0859206778337,5.36706609143517,0.452826279994582,1.82928099177361,0.780880497621135,1.82928099177361,metalimnion_strongIW
2019-07-07T12:00:00Z,9.62262814946417,5.96978420086357,0.451426961778561,1.84645563298248,0,5.5073250432847,metalimnion_strongIW
2019-07-08T12:00:00Z,5.20427889194223,7.94488067854687,0.446111731666813,1.46005463033629,0.745034763935052,3.58400374611861,metalimnion_strongIW
2019-07-09T12:00:00Z,17.0486719942493,5.5231927641308,0.48501292269131,1.15927282970904,0,1.15927282970904,metalimnion_strongIW
2019-07-10T12:00:00Z,25.6028671358875,3.33180451998058,0.469449836085724,1.22149785732968,0,1.22149785732968,metalimnion_strongIW
2019-07-11T12:00:00Z,24.0656536936532,5.35630314265409,0.543915939952039,0.950140969916527,0,0.950140969916527,metalimnion_strongIW
2019-07-12T12:00:00Z,27.3850872688723,4.31208251499876,0.631025213091673,0.614666914782244,0,0.614666914782244,metalimnion_strongIW
2019-07-13T12:00:00Z,28.5737140034954,3.27812996405987,0.67083920222881,0.314242342353124,0,0.314242342353124,metalimnion_strongIW
2019-07-14T12:00:00Z,25.9422742278155,4.22561698220012,0.733497080345,0.607201322069021,0,0.607201322069021,metalimnion_strongIW
2019-07-15T12:00:00Z,31.5801063495217,2.74691581511154,0.740922584111832,1.0760057020829,0,1.0760057020829,metalimnion_strongIW
2019-07-16T12:00:00Z,27.5782104121221,1.71282123193667,0.825061910618303,0.990504983079704,0,0.990504983079704,metalimnion_strongIW
2019-07-17T12:00:00Z,17.1267245599764,2.11205792496198,0.872340667975299,0.657833101167472,0,0.657833101167472,metalimnion_strongIW
2019-07-18T12:00:00Z,12.0982128020016,1.84874014286509,0.812833640297077,1.08340630049015,0,1.08340630049015,metalimnion_strongIW
2019-07-19T12:00:00Z,8.66568785712928,0.87619485083604,0.815115096895825,0.659357711351119,0,0.659357711351119,metalimnion_strongIW
2019-07-20T12:00:00Z,8.97364174480616,1.28264196150608,0.77667923483351,0.691634497947006,0,0.691634497947006,metalimnion_strongIW
2019-07-21T12:00:00Z,7.16421439469925,1.83513570096273,0.710129597753742,1.17524634003992,0,2.20704423734398,metalimnion_strongIW
2019-07-22T12:00:00Z,9.46067824765941,0.972305246139596,0.647489698684298,0.632672897816354,0,0.632672897816354,metalimnion_strongIW
2019-07-23T12:00:00Z,17.1742898216195,1.1581711292701,0.625426161577887,0.612855655847945,0,0.612855655847945,metalimnion_strongIW
2019-07-24T12:00:00Z,14.427960926806,2.52827732613221,0.595759093738612,0.936042791641894,0,0.936042791641894,metalimnion_strongIW
2019-07-25T12:00:00Z,14.4398525862177,3.0243484899389,0.512775748736531,1.17559385573702,0,1.17559385573702,metalimnion_strongIW
2019-07-26T12:00:00Z,17.3812192072813,3.15024786281399,0.55163031900076,1.51736060239133,0,1.51736060239133,metalimnion_strongIW
2019-07-27T12:00:00Z,20.0839892623494,3.29281107689336,0.575884922796816,1.36299223470309,0.665071838121756,1.36299223470309,metalimnion_strongIW
2019-07-28T12:00:00Z,28.6583755975427,3.27869913642635,0.556630288585446,1.71497354337418,0,1.71497354337418,metalimnion_strongIW
2019-07-29T12:00:00Z,29.190810514386,3.30112053251239,0.635068305521671,2.17713567313906,0,2.17713567313906,metalimnion_strongIW
2019-07-30T12:00:00Z,25.4126993390919,2.97553647964702,0.642936453699025,2.13932817309785,0,2.13932817309785,metalimnion_strongIW
2019-07-31T12:00:00Z,19.6066304228268,3.10712921832708,0.59959942136875,0.97845793846989,0,0.97845793846989,metalimnion_strongIW
2019-08-01T12:00:00Z,20.0470213892974,2.78668401320083,0.611679779963565,1.27181976879263,0,1.27181976879263,metalimnion_strongIW
2019-08-02T12:00:00Z,23.8518796365428,1.35938600199474,0.592381451563977,1.19643218454197,0,1.19643218454197,metalimnion_strongIW
2019-08-03T12:00:00Z,22.2452970434734,1.60547806703128,0.584307100284384,0.730766794017274,0,0.730766794017274,metalimnion_strongIW
2019-08-04T12:00:00Z,28.8954034512266,1.95284251810515,0.585222828559745,1.26837639180573,0,1.26837639180573,metalimnion_strongIW
2019-08-05T12:00:00Z,20.2096226019474,1.23930079771721,0.505612785741772,1.03422011866136,0,1.03422011866136,metalimnion_strongIW
2019-08-06T12:00:00Z,14.0966456580624,2.37801187131767,0.429415251166941,0.932525203016438,0.46145089330952,0.932525203016438,metalimnion_strongIW
2019-08-07T12:00:00Z,20.202037460845,3.49009723625533,0.382688808684411,1.02720379297316,0,1.02720379297316,metalimnion_strongIW
2019-08-08T12:00:00Z,14.7399374281768,1.91348250937602,0.326564295658107,0.976281100481615,0,0.976281100481615,metalimnion_strongIW
2019-08-09T12:00:00Z,18.6322756050328,2.22682385357872,0.311710100498741,0.933790855550716,0,0.933790855550716,metalimnion_strongIW
2019-08-10T12:00:00Z,20.3524279999628,3.58734032867314,0.32721720939169,0.863115546535576,0,0.863115546535576,metalimnion_strongIW
2019-08-11T12:00:00Z,14.712025081747,4.89589547751807,0.320500028451666,1.53558099588249,0,1.53558099588249,metalimnion_strongIW
2019-08-12T12:00:00Z,11.4349152196528,5.47119578531082,0.307531125956513,1.73701226086846,1.27732030595689,1.73701226086846,metalimnion_strongIW
2019-08-13T12:00:00Z,9.65897198896374,4.52195188836267,0.291317213239533,1.10968468919084,0.671630655307573,1.10968468919084,metalimnion_strongIW
2019-08-14T12:00:00Z,13.5976667697532,6.11344210269552,0.318440174437435,1.65276912946475,1.0057098236142,1.65276912946475,metalimnion_strongIW
2019-08-15T12:00:00Z,13.9138895196149,6.2846836448831,0.325416362193815,1.67978884086207,1.02202099162467,1.67978884086207,metalimnion_strongIW
2019-08-16T12:00:00Z,13.9138895196149,6.2846836448831,0.325416362193815,1.67978884086207,1.02202099162467,1.67978884086207,metalimnion_strongIW
2019-08-17T12:00:00Z,13.9138895196149,6.2846836448831,0.325416362193815,1.67978884086207,1.02202099162467,1.67978884086207,metalimnion_strongIW
2019-08-18T12:00:00Z,13.9138895196149,6.2846836448831,0.325416362193815,1.67978884086207,1.02202099162467,1.67978884086207,metalimnion_strongIW
2019-08-19T12:00:00Z,13.9138895196149,6.2846836448831,0.325416362193815,1.67978884086207,1.02202099162467,1.67978884086207,metalimnion_strongIW
2019-06-01T12:00:00Z,19.3639792559793,5.47589931279919,17.9879734604133,0.292125987069265,0,0.341050772380116,surface
2019-06-02T12:00:00Z,19.3639792559793,5.47589931279919,17.9879734604133,0.292125987069265,0,0.341050772380116,surface
2019-06-03T12:00:00Z,19.3639792559793,5.47589931279919,17.9879734604133,0.292125987069265,0,0.341050772380116,surface
2019-06-04T12:00:00Z,19.3639792559793,5.47589931279919,17.9879734604133,0.292125987069265,0,0.341050772380116,surface
2019-06-05T12:00:00Z,19.3639792559793,5.47589931279919,17.9879734604133,0.292125987069265,0,0.341050772380116,surface
2019-06-06T12:00:00Z,19.4158529677217,5.58154524128991,18.2206432869865,0.292072028194465,0,0.380741603759516,surface
2019-06-07T12:00:00Z,20.0687501662564,6.02503620534346,19.4307594716729,0.272497396570738,0,0.551449131946739,surface
2019-06-08T12:00:00Z,18.854651121653,5.67709042286474,19.1761996975993,0.288580082924688,0,0.306013346282258,surface
2019-06-09T12:00:00Z,19.7614306163674,6.26761750937375,20.298994352933,0.283342642247675,0,0.500814500449712,surface
2019-06-10T12:00:00Z,20.5988058502999,6.61240103059992,20.6979748767197,0.303573952274909,0,0.462650301134909,surface
2019-06-11T12:00:00Z,19.3382555196949,6.1212015390234,19.2520762559311,0.26184552085791,0,0.347688366287018,surface
2019-06-12T12:00:00Z,19.0193473258854,6.01103741201138,20.2987894857384,0.212706852061586,0.0768832368564855,0.212706852061586,surface
2019-06-13T12:00:00Z,19.8996711062256,6.58639185661604,21.396015878068,0.189402496271205,0,0.288011319908682,surface
2019-06-14T12:00:00Z,20.0766038489474,6.07157588981557,20.104875855069,0.31100371060063,0,0.31100371060063,surface
2019-06-15T12:00:00Z,18.2488114116522,5.67292415951507,19.2863027932191,0.433225508019929,0,0.455479690154156,surface
2019-06-16T12:00:00Z,18.0578387757798,5.55008730191534,19.0772742038145,0.596007646245065,0,0.596007646245065,surface
2019-06-17T12:00:00Z,16.092057538104,3.74787923882729,17.529302558547,0.628114831714152,0.21541991732785,0.819984327588211,surface
2019-06-18T12:00:00Z,14.8788424022341,3.7446660156801,16.1151139817904,0.379847611606025,0,0.465163412975061,surface
2019-06-19T12:00:00Z,15.8330111000158,3.9065239863314,15.8608084688963,0.574474669905964,0,0.948351740432187,surface
2019-06-20T12:00:00Z,14.1783853488701,3.1274175921737,14.563041211059,0.442586931491751,0,0.478317565880523,surface
2019-06-21T12:00:00Z,13.0219185114762,4.09180706204947,12.5473128763688,0.381238938169898,0,0.485160242744108,surface
2019-06-22T12:00:00Z,12.2891976856982,4.39838494554992,11.4685970352525,0.581364786684265,0,0.678952084096002,surface
2019-06-23T12:00:00Z,11.6357071775652,3.54755608457866,10.7307100272625,0.46383298241859,0.181045884912713,0.50767216437698,surface
2019-06-24T12:00:00Z,11.3224315997522,3.75803562672501,9.37411228250248,0.361936687128758,0,0.401311074043053,surface
2019-06-25T12:00:00Z,9.79090959014694,4.36897367211908,8.04118911005402,0.395260469537512,0,0.455017654311017,surface
2019-06-26T12:00:00Z,8.6129352958163,4.06602590907234,7.3991515286223,0.558341746712975,0.338232662054361,0.571610413728153,surface
2019-06-27T12:00:00Z,8.13944519845388,4.28680983677033,6.78059152133085,0.48695373213607,0,0.566365508073816,surface
2019-06-28T12:00:00Z,6.50704780832723,4.05068376110345,6.07126956780136,0.34687722390612,0,0.413433967992146,surface
2019-06-29T12:00:00Z,5.90334927624574,2.86895461366932,5.7081288975808,0.436411799815255,0.240227992423714,0.440737037203148,surface
2019-06-30T12:00:00Z,7.37109963196544,3.34932942629118,5.58999086836667,0.449630019552617,0,0.520763051954904,surface
2019-07-01T12:00:00Z,7.14190152018953,4.00836065363094,5.48406188768769,0.419030022256424,0,0.497124389871577,surface
2019-07-02T12:00:00Z,6.51819625304995,3.76020468790028,5.45915674681798,0.292107887446185,0,0.324840277157959,surface
2019-07-03T12:00:00Z,8.35906541915984,4.53457796031056,5.61370532344417,0.351732153693602,0,0.351732153693602,surface
2019-07-04T12:00:00Z,8.601864547779,4.76167496270228,5.70274932569281,0.609077919521859,0,0.641931518665293,surface
2019-07-05T12:00:00Z,9.07141905940742,4.40564393475676,6.17247388215603,0.457028998989808,0,0.541660720165089,surface
2019-07-06T12:00:00Z,10.8989247987164,5.56217758023351,7.19430745243623,0.171608437320505,0,0.325138038021638,surface
2019-07-07T12:00:00Z,10.1607354302902,5.60843762956543,7.92738725575378,0.280995391476684,0,0.326409616469164,surface
2019-07-08T12:00:00Z,9.33582541145445,4.85310718153226,8.73719242360845,0.266776623874109,0,0.293601106260316,surface
2019-07-09T12:00:00Z,10.692751304395,5.80364538620563,9.5257743991471,0.140578671878953,0,0.25108651788551,surface
2019-07-10T12:00:00Z,11.3937347771185,5.45128164682501,10.0452186295823,0.201834188277526,0,0.201834188277526,surface
2019-07-11T12:00:00Z,12.1958975607513,6.02537446249879,11.7169165054689,0.318610868599508,0,0.343378030104408,surface
2019-07-12T12:00:00Z,12.5800255524464,6.49854721209358,13.4747623271578,0.223492770596275,0,0.223492770596275,surface
2019-07-13T12:00:00Z,12.5386582729449,5.50892665964134,14.8446402733043,0.312428665377463,0,0.321168878389912,surface
2019-07-14T12:00:00Z,15.179245198214,6.41701202436522,16.6815743910309,0.669414908221168,0,0.960254835821685,surface
2019-07-15T12:00:00Z,15.077830092245,5.45566915989893,17.7435989597369,0.619488878970669,0,0.850314851905113,surface
2019-07-16T12:00:00Z,15.7853921468449,5.58722023431685,19.2894943363435,0.405815419039323,0,0.445496218554836,surface
2019-07-17T12:00:00Z,17.5002764731925,6.56966855428983,20.6958772564951,0.550166971541171,0.285162803750837,0.852378697004236,surface
2019-07-18T12:00:00Z,15.6267797837078,5.40966619457514,20.6641326139784,0.719465115055733,0,0.735948256940244,surface
2019-07-19T12:00:00Z,16.4337574259594,5.37310881802853,20.9807778710543,0.517328266142294,0,0.679744667535364,surface
2019-07-20T12:00:00Z,16.5428280548592,5.13947070596112,21.0354532578389,0.691018300489294,0.528771120976123,0.765051477806132,surface
2019-07-21T12:00:00Z,15.5432721476861,4.84095260513226,20.1314480068423,0.7805288782003,0,0.868756239184005,surface
2019-07-22T12:00:00Z,15.949081307456,5.01377644649724,18.8525790048369,0.391116670122615,0,0.574846202162285,surface
2019-07-23T12:00:00Z,16.3076871912685,5.16037329835393,18.4081945543874,0.327973137085751,0,0.352865078832085,surface
2019-07-24T12:00:00Z,17.4558423759371,5.39598090563075,17.51812165363,0.271486650745904,0,0.271486650745904,surface
2019-07-25T12:00:00Z,17.1502672407358,4.77151950569202,15.7626509213237,0.273135485313282,0,0.273135485313282,surface
2019-07-26T12:00:00Z,17.0273390539088,4.63192118146725,15.8961377136432,0.3812779586243,0,0.493446576158399,surface
2019-07-27T12:00:00Z,16.9566193359276,4.27427234023933,15.430648259594,0.414206122993274,0,0.749650953066367,surface
2019-07-28T12:00:00Z,16.2779081214268,3.89625739953337,13.9309883915601,0.224440482909539,0,0.242097879107815,surface
2019-07-29T12:00:00Z,17.0055408078233,4.61401385159955,13.9828416100082,0.283142598309572,0,0.469270442094845,surface
2019-07-30T12:00:00Z,15.749546372053,4.46840266362812,13.3106393590863,0.344719108760317,0,0.539833882733853,surface
2019-07-31T12:00:00Z,13.7900311513982,4.4391892200734,11.8017113405734,0.412524616951988,0.168879187081336,0.421289819512545,surface
2019-08-01T12:00:00Z,12.6239464824227,4.75466354363062,11.011361445873,0.546400990788413,0,0.754711843242194,surface
2019-08-02T12:00:00Z,10.3660693238546,4.01302856232564,10.308966501373,0.478235006473997,0.227892674687232,0.550026514687764,surface
2019-08-03T12:00:00Z,9.89294567635226,4.1916717415535,9.40723921060554,0.382897615399011,0,0.445838693857131,surface
2019-08-04T12:00:00Z,9.85739042225897,4.73122981337824,8.42714774291064,0.342699056927482,0,0.342699056927482,surface
2019-08-05T12:00:00Z,8.22390152328359,4.49051453919302,7.39090227211224,0.235916396469863,0,0.246950570805932,surface
2019-08-06T12:00:00Z,7.70399731567218,4.53288747295083,6.48271044457991,0.0966063953900177,0,0.0966063953900177,surface
2019-08-07T12:00:00Z,7.15700838615587,4.15732011509454,5.7080045713781,0.0853891945343352,0,0.0853891945343352,surface
2019-08-08T12:00:00Z,6.65670169229785,4.24140378454147,5.22577188410141,0.103119388042542,0,0.112455399172247,surface
2019-08-09T12:00:00Z,6.74062469103176,3.97476642808632,5.0450216331361,0.117972309934433,0,0.117972309934433,surface
2019-08-10T12:00:00Z,6.34948115367031,3.3292485084321,4.91264337105695,0.182315015220445,0,0.238222206873747,surface
2019-08-11T12:00:00Z,7.04372340954668,3.9685114833115,4.98642151003223,0.257461169240533,0,0.305732795605524,surface
2019-08-12T12:00:00Z,7.25751745738817,4.01048723855559,5.21080455350126,0.240570438111499,0,0.240570438111499,surface
2019-08-13T12:00:00Z,6.2638350772836,3.3133177873499,5.31709047655345,0.24050328593383,0,0.259332831099113,surface
2019-08-14T12:00:00Z,7.13484769214384,3.78592597441774,5.98812159427362,0.297715525786733,0,0.297715525786733,surface
2019-08-15T12:00:00Z,7.27008585568535,3.85963999011053,6.10855909013646,0.295075348214314,0,0.295075348214314,surface
2019-08-16T12:00:00Z,7.27008585568535,3.85963999011053,6.10855909013646,0.295075348214314,0,0.295075348214314,surface
2019-08-17T12:00:00Z,7.27008585568535,3.85963999011053,6.10855909013646,0.295075348214314,0,0.295075348214314,surface
2019-08-18T12:00:00Z,7.27008585568535,3.85963999011053,6.10855909013646,0.295075348214314,0,0.295075348214314,surface
2019-08-19T12:00:00Z,7.27008585568535,3.85963999011053,6.10855909013646,0.295075348214314,0,0.295075348214314,surface
