case,method,var,n,bias,rmse,r,scale
metalimnion,time domain,GPP,68,1.85211100629638,6.24525834344674,0.097393999841937,daily
metalimnion,"spectral (trapz, original)",GPP,68,-1.16939936178602,3.42891259603995,-0.16189577973614,daily
metalimnion,spectral (rect),GPP,68,-0.518345434207308,3.76981189303873,-0.166057520810163,daily
metalimnion,"spectral (rect, coh-threshold)",GPP,68,1.25430601725614,4.77617729509707,0.0335010636742594,daily
metalimnion_strongIW,time domain,GPP,68,-3.28409632277948,4.49256014203381,0.294887184547625,daily
metalimnion_strongIW,"spectral (trapz, original)",GPP,68,-3.24292881393016,4.16936046503703,-0.110966370177361,daily
metalimnion_strongIW,spectral (rect),GPP,68,-2.97383596558704,4.28466559475312,-0.162680914824553,daily
metalimnion_strongIW,"spectral (rect, coh-threshold)",GPP,68,-2.8645228874303,4.37274945759914,-0.197499887804931,daily
surface,time domain,GPP,68,-13.3901230065531,17.6070812902874,-0.376752878388825,daily
surface,"spectral (trapz, original)",GPP,68,-24.5582902327836,25.2035165417146,0.615609290759986,daily
surface,spectral (rect),GPP,68,-24.4837302649578,25.1546427837636,0.564116815736933,daily
surface,"spectral (rect, coh-threshold)",GPP,68,-24.7835494544502,25.4096345055269,0.626872541253967,daily
metalimnion,time domain,R,68,2.50138633729486,7.5951270289665,0.0678735162416874,daily
metalimnion,"spectral (trapz, original)",R,68,-1.0440634724212,2.92490037690005,0.00138823801787984,daily
metalimnion,spectral (rect),R,68,-0.393009544842494,3.30782596502413,0.000108086139545677,daily
metalimnion,"spectral (rect, coh-threshold)",R,68,1.37964190662096,4.61501044448677,-0.2480613395594,daily
metalimnion_strongIW,time domain,R,68,-2.668040861899,3.63283475905417,0.18550171331566,daily
metalimnion_strongIW,"spectral (trapz, original)",R,68,-3.08021144985618,3.70800286995187,-0.0547410143785554,daily
metalimnion_strongIW,spectral (rect),R,68,-2.81111860151305,3.78055128834148,-0.0374201697853454,daily
metalimnion_strongIW,"spectral (rect, coh-threshold)",R,68,-2.70180552335632,3.83664685748873,-0.0551250019410105,daily
surface,time domain,R,68,-13.3177094675612,18.2213291854753,0.33724821678822,daily
surface,"spectral (trapz, original)",R,68,-24.6545674550687,24.6909695292067,0.677079847610414,daily
surface,spectral (rect),R,68,-24.5800074872429,24.6246798379841,0.625518911014337,daily
surface,"spectral (rect, coh-threshold)",R,68,-24.8798266767354,24.9128425275294,0.657540675904619,daily
metalimnion,time domain,NEP,68,-0.64927533099848,3.72358645572808,0.377931813884622,daily
metalimnion,"spectral (trapz, original)",NEP,68,-0.125335889364814,1.33358529769313,0.456348183803608,daily
metalimnion,spectral (rect),NEP,68,-0.125335889364814,1.33358529769313,0.456348183803608,daily
metalimnion,"spectral (rect, coh-threshold)",NEP,68,-0.125335889364814,1.33358529769313,0.456348183803608,daily
metalimnion_strongIW,time domain,NEP,68,-0.616055460880486,3.6126538554828,0.367924364041536,daily
metalimnion_strongIW,"spectral (trapz, original)",NEP,68,-0.162717364073983,1.33048144653288,0.460670029638297,daily
metalimnion_strongIW,spectral (rect),NEP,68,-0.162717364073983,1.33048144653288,0.460670029638297,daily
metalimnion_strongIW,"spectral (rect, coh-threshold)",NEP,68,-0.162717364073983,1.33048144653288,0.460670029638297,daily
surface,time domain,NEP,68,-0.0724135389919059,3.00253894110051,0.920834460750612,daily
surface,"spectral (trapz, original)",NEP,68,0.0962772222851441,5.29884660672653,0.763744412231316,daily
surface,spectral (rect),NEP,68,0.0962772222851441,5.29884660672653,0.763744412231316,daily
surface,"spectral (rect, coh-threshold)",NEP,68,0.0962772222851441,5.29884660672653,0.763744412231316,daily
metalimnion,time domain,GPP,10,1.91219101613988,3.28111465383744,0.0428335639654097,weekly
metalimnion,"spectral (trapz, original)",GPP,10,-1.11411049991475,2.51396444260528,-0.321116301428595,weekly
metalimnion,spectral (rect),GPP,10,-0.456683303784868,2.72160091832249,-0.351835966685833,weekly
metalimnion,"spectral (rect, coh-threshold)",GPP,10,1.19675217778665,3.41873508216588,0.0988591898841545,weekly
metalimnion_strongIW,time domain,GPP,10,-3.28467182253664,3.48691107226353,0.449169760856188,weekly
metalimnion_strongIW,"spectral (trapz, original)",GPP,10,-3.16883972697666,3.58171599869324,-0.238463729241459,weekly
metalimnion_strongIW,spectral (rect),GPP,10,-2.89066163078921,3.52554130148316,-0.309658092450338,weekly
metalimnion_strongIW,"spectral (rect, coh-threshold)",GPP,10,-2.78447178343696,3.54503101595701,-0.29674575275292,weekly
surface,time domain,GPP,10,-13.070427686369,15.0525174907189,-0.666666820311068,weekly
surface,"spectral (trapz, original)",GPP,10,-24.3372322561978,24.6928252562851,0.795333871596854,weekly
surface,spectral (rect),GPP,10,-24.264802573167,24.6435764510803,0.739799053023799,weekly
surface,"spectral (rect, coh-threshold)",GPP,10,-24.5560555001025,24.9038749430337,0.774617917714548,weekly
metalimnion,time domain,R,10,2.6148981150596,3.77876181433787,0.263762903837759,weekly
metalimnion,"spectral (trapz, original)",R,10,-1.0270725544216,2.20892185261486,0.0189584150356308,weekly
metalimnion,spectral (rect),R,10,-0.369645358291719,2.41512702372107,0.0190644543073636,weekly
metalimnion,"spectral (rect, coh-threshold)",R,10,1.2837901232798,3.37945546643042,-0.384204151034918,weekly
metalimnion_strongIW,time domain,R,10,-2.62251080703714,2.85819460007493,0.459552846949805,weekly
metalimnion_strongIW,"spectral (trapz, original)",R,10,-3.04503631635278,3.32102817034887,-0.0223902883973853,weekly
metalimnion_strongIW,spectral (rect),R,10,-2.76685822016533,3.22705196391479,-0.00224353482127138,weekly
metalimnion_strongIW,"spectral (rect, coh-threshold)",R,10,-2.66066837281307,3.24092869064732,-0.0294179247510032,weekly
surface,time domain,R,10,-12.9474382697559,15.0270215066297,0.588375691945015,weekly
surface,"spectral (trapz, original)",R,10,-24.5970574408288,24.6174307128504,0.805986793924056,weekly
surface,spectral (rect),R,10,-24.5246277577981,24.5488135859359,0.76922278500545,weekly
surface,"spectral (rect, coh-threshold)",R,10,-24.8158806847336,24.8381312145982,0.765332941480874,weekly
metalimnion,time domain,NEP,10,-0.702707098919724,1.58649019621661,0.770774682812586,weekly
metalimnion,"spectral (trapz, original)",NEP,10,-0.0870379454931488,0.60456378055013,0.816995927036146,weekly
metalimnion,spectral (rect),NEP,10,-0.0870379454931488,0.60456378055013,0.816995927036146,weekly
metalimnion,"spectral (rect, coh-threshold)",NEP,10,-0.0870379454931488,0.60456378055013,0.816995927036146,weekly
metalimnion_strongIW,time domain,NEP,10,-0.662161015499505,1.56414523547798,0.731330630432415,weekly
metalimnion_strongIW,"spectral (trapz, original)",NEP,10,-0.123803410623885,0.60019472566532,0.816170090481615,weekly
metalimnion_strongIW,spectral (rect),NEP,10,-0.123803410623885,0.60019472566532,0.816170090481615,weekly
metalimnion_strongIW,"spectral (rect, coh-threshold)",NEP,10,-0.123803410623885,0.60019472566532,0.816170090481615,weekly
surface,time domain,NEP,10,-0.122989416613108,0.916876338528006,0.990657836491201,weekly
surface,"spectral (trapz, original)",NEP,10,0.259825184631071,3.6156465141689,0.911006112987998,weekly
surface,spectral (rect),NEP,10,0.259825184631071,3.6156465141689,0.911006112987998,weekly
surface,"spectral (rect, coh-threshold)",NEP,10,0.259825184631071,3.6156465141689,0.911006112987998,weekly
