depth,day,n,coverage,T_mean,DO_mean,T_sd,DO_sd,diel_frac_T,a0,a1,a2,r2,p_value,status,diel_flag,near_surface,ref_depth,ref_r2,ref_diel_frac,link_cor,corrected,iw_decision
1,2022-04-12,48,1,16.9258333333333,11.6395833333333,0.384905809607368,0.622892902011162,0.918345951632787,0.0639662313480797,1.60267225295515,-0.440945801197892,0.957672453305008,1.25608692101835e-31,ok,TRUE,TRUE,9,0.88746478849095,0.515993611990601,0.0388389773699595,FALSE,no_IW_evidence:ref_T_diel
1,2022-04-13,48,1,17.5916666666667,12.2085416666667,0.743056749739435,0.557563047034539,0.863538924897443,0.4052656081144,0.876409386673591,-0.749616543034547,0.826848855886351,7.32100535700117e-18,ok,TRUE,TRUE,9,0.795377304833693,0.0123890484015827,0.359272333583364,FALSE,no_IW_evidence:surface_not_linked
1,2022-04-14,48,1,18.4454166666667,12.6358333333333,0.639677306723936,0.378574219561121,0.829123244410536,0.0474919440081544,0.510133971163254,-0.118533590208476,0.643190147699509,8.50802677619086e-11,ok,TRUE,TRUE,9,0.89224642333919,0.544273984527654,-0.237657115386715,FALSE,no_IW_evidence:ref_T_diel
1,2022-04-15,48,1,19.1366666666667,12.72125,0.43841752825134,0.254204014230822,0.800215309463754,0.159630015412072,0.565520272580716,-0.848168455712516,0.679447276942119,7.63375270008343e-12,ok,TRUE,TRUE,9,0.859843258543315,0.617202427871409,0.0379068810027346,FALSE,no_IW_evidence:ref_T_diel
1,2022-04-16,48,1,19.635,12.425,0.448667056579346,0.218816935048067,0.768317141599947,0.112064327733984,0.485611732945786,-0.568541805609355,0.628143078896584,2.15504853166218e-10,ok,TRUE,TRUE,9,0.615863420431478,0.123169702566522,0.397104863818696,FALSE,no_IW_evidence:surface_not_linked
1,2022-04-17,48,1,19.7033333333333,12.10625,0.244125302090069,0.343515151884845,0.244646703453158,0.0332021667088836,0.0697840315571946,-0.568963252817871,0.0136505589090684,0.733994935823866,ok,FALSE,TRUE,9,0.882981417316325,0.645227075765457,-0.00384095987803254,FALSE,no_IW_evidence:ref_T_diel
1,2022-04-18,48,1,19.9916666666667,11.93125,0.264392787532661,0.270591353984313,0.255018446688971,-0.0243159507857931,0.14834076718281,0.35525109706933,0.0352521134869689,0.445975813293399,ok,FALSE,TRUE,9,0.757919254041232,0.274073352427596,-0.391210174047321,FALSE,no_IW_evidence:surface_not_linked
1,2022-04-19,48,1,19.9441666666667,11.5722916666667,0.240459076301741,0.147680500208538,0.840559458992074,0.0458373306693308,0.130962498651207,-0.809618361571458,0.113970766682003,0.0657023871780428,ok,TRUE,TRUE,9,0.782025222310225,0.405970173395217,-0.0953116363213053,FALSE,no_IW_evidence:surface_not_linked
9,2022-04-12,48,1,14.91375,8.41604166666667,0.077531736809941,0.293074237805455,0.515993611990601,0.00634644473334819,3.53097546038683,-1.0782385530508,0.88746478849095,4.50806022523062e-22,ok,TRUE,FALSE,,,,,TRUE,corrected
9,2022-04-13,48,1,14.8975,8.22854166666667,0.0593044793973923,0.166898995870841,0.0123890484015827,0.00140603185149125,2.53333982222595,-0.408285111140347,0.795377304833693,3.13660993854147e-16,ok,FALSE,FALSE,,,,,TRUE,corrected
9,2022-04-14,48,1,14.77375,7.84854166666667,0.12636699340127,0.306802241269889,0.544273984527654,-0.0391747416677865,2.45124121970385,2.5054296659721,0.89224642333919,1.69712225422438e-22,ok,TRUE,FALSE,,,,,TRUE,corrected
9,2022-04-15,48,1,14.5945833333333,7.430625,0.112891556575765,0.211613922338913,0.617202427871409,-0.0229013608433183,1.64300706266337,1.83519301127599,0.859843258543315,6.2923782021009e-20,ok,TRUE,FALSE,,,,,TRUE,corrected
9,2022-04-16,48,1,14.7129166666667,7.441875,0.0543416431882325,0.114327939103154,0.123169702566522,0.00452393329826275,1.66337541893268,-1.56456654446055,0.615863420431478,4.47638531899588e-10,ok,FALSE,FALSE,,,,,TRUE,corrected
9,2022-04-17,48,1,14.8058333333333,7.48708333333333,0.0854483378405708,0.211569196299213,0.645227075765457,-0.000128352548753295,2.32580620838261,0.0179531491215544,0.882981417316325,1.08575979953271e-21,ok,TRUE,FALSE,,,,,TRUE,corrected
9,2022-04-18,48,1,14.7991666666667,7.380625,0.0611880023469118,0.117317649358755,0.274073352427596,-0.00169805638295515,1.69835324727199,0.463194012399007,0.757919254041232,1.37754438558136e-14,ok,FALSE,FALSE,,,,,TRUE,corrected
9,2022-04-19,48,1,14.945,7.51083333333333,0.141811982208389,0.218406543948931,0.405970173395217,0.0119288652051454,1.31579296680662,-0.605782405678116,0.782025222310225,1.30059019795578e-15,ok,FALSE,FALSE,,,,,TRUE,corrected
19,2022-04-12,48,1,12.2820833333333,4.11208333333333,0.12501843835642,0.471258876922244,0.649562388050605,0.00354587313435499,3.34712414759514,-0.231695945070363,0.782164517951352,1.28201756081373e-15,ok,TRUE,FALSE,,,,,TRUE,corrected
19,2022-04-13,48,1,12.31375,4.04229166666667,0.0559872705897074,0.358681032859745,0.0114294577362591,-0.0276494972090384,3.0111725728597,9.00849052118746,0.243116860201836,0.00189735545024441,ok,FALSE,FALSE,,,,,TRUE,corrected
19,2022-04-14,48,1,12.32625,3.94479166666667,0.0865564629394925,0.26318013880419,0.195993813397954,-0.00886830173748705,1.96221694381244,1.20888458189379,0.438898470916189,2.25648616428925e-06,ok,FALSE,FALSE,,,,,TRUE,corrected
19,2022-04-15,48,1,12.2795833333333,3.821875,0.062089788564398,0.227377802112733,0.419821954044383,0.0245308863177173,2.56753883782268,-6.49854689739476,0.577447868074307,3.82214085132088e-09,ok,FALSE,FALSE,,,,,TRUE,corrected
19,2022-04-16,48,1,12.3270833333333,4.079375,0.0331314810333162,0.141682988212898,0.197673000475404,0.0288578860376432,2.066944800587,-26.8488812109244,0.460036364075816,9.51046045225894e-07,ok,FALSE,FALSE,,,,,TRUE,corrected
19,2022-04-17,48,1,12.38,3.98291666666667,0.0542649136280879,0.217597699586297,0.376983185390997,0.00709748334825076,2.65053840501357,-2.46155491846782,0.420563318565131,4.65194595077789e-06,ok,FALSE,FALSE,,,,,TRUE,corrected
19,2022-04-18,48,1,12.43875,3.93041666666667,0.0815181744518205,0.364918867889623,0.711405084052743,0.0470188531696507,4.17926580336373,-7.22614248665051,0.844331552460001,6.6759545484749e-19,ok,TRUE,FALSE,,,,,TRUE,corrected
19,2022-04-19,48,1,12.4375,3.80333333333333,0.10699970172955,0.371611403836041,0.578807677929509,0.0532556276598477,2.37812342678022,-4.75054846250267,0.568238004973054,6.20867983881718e-09,ok,TRUE,FALSE,,,,,TRUE,corrected
